job_date,job_title,job_location
2018,Software Engineer / developer,Riyadh
2018,Software Developer,Riyadh
2018,Software Developer,Riyadh
2018, Software Engineering & Development Trainee,Riyadh
2018,Senior Certified SharePoint Developer,Yanbu
2018,User Interface Developer,Riyadh
2018,COBOL Programmer,Jeddah
2018,PHP Developer,Riyadh
2018,Full Stack Developer,Khobar
2018,Senior Linux Administrator,Jubail
2018,IT Supervisor - Al Ahsa Female Campus,Alahsa
2018,Developer / Programmer,Dammam
2018,Java Developer,Riyadh
2018,Assistant Solution Manager,Riyadh
2018,Senior Developer,Riyadh
2018,Developer,Riyadh
2018,Android Mobile Developer,Jeddah
2018,Programmer Analyst (Job location : Canada ),Jeddah
2018,Programmer (Job location : Australia and Canada ),Jeddah
2018,IT Professionals (For Australia),Riyadh
2018,IT Supervisor,Yanbu
2018,IT Projects Lead (ECM Platform),Riyadh
2018,Marketing Specialist/ERP Consultant,Dammam
2018,IT Applications Support Specialist,Riyadh
2018,Mobile Developer,Jubail
2018,Developer Enterprise Data Integration,Riyadh
2018,Associate Consultant Oracle CRM,Riyadh
2018,Senior Solution Designer,Riyadh
2018,Senior ABAP Developer,Riyadh
2018,IT Quality Assurance Leader,Riyadh
2018,Web Developer,Riyadh
2018,Cyber Security Manager,Riyadh
2018,.Net Web Application Developer,Khobar
2018,TELESALES / SALES CONSULTANT - ONLY APPLY IF YOU ARE A RESIDENT IN SAUDI ARABIA,Riyadh
2018,Web Applications Developer,Eastern Province
2018,Senior SharePoint Developer,Riyadh
2018,Graphic Designer,Riyadh
2018,Head of IT Customer care Unit,Riyadh
2018,IT Manager,Eastern Province
2018,Access Management - Analyst - APPLICANTS MUST BE SAUDI NATIONAL,Riyadh
2018,Senior Java Developer,Riyadh
2018,Dynamics Ax Developer,Dammam
2018,Sr. System Administrator,Riyadh
2018,Project Lead Mobility,Khobar
2018,Senior Windows Systems Administrator,Jeddah
2018,Information Security Specialist,Riyadh
2018,storage and backup administrator,Hafr Albaten
2018,Digital Project Manager,Mecca
2018,Project Manager,Jeddah
2018,Project Manager Big Data Analytics,Jubail
2018,Application Project Manager /IT Network Project Manager,Jeddah
2018,SAP Project Manager,Riyadh
2018,Senior Certified SharePoint Developer,Yanbu
2018,Head of IT Customer care Unit,Riyadh
2018,IT Projects Lead (ECM Platform),Riyadh
2018,Audio Visual installation Technician,Khobar
2018,Full Stack Developer,Khobar
2018,IT Support Engineer,Jeddah
2018,Developer / Programmer,Dammam
2018,SAP Solutions Architect,Khobar
2018,Head of IT Planing and Improvement Unit,Riyadh
2018,Technology and Cyber Security Manager,Riyadh
2018,IT Service Ops Lead (NOC/SOC),Riyadh
2018,Oracle HRMS Techno-Functional,Jubail
2018,Oracle Financial Techno-Functional,Jubail
2018,IT Supervisor - Al Ahsa Female Campus,Alahsa
2018,IT Advisor - Banking / Investment Systems - SAUDI NATIONAL ROLE,Riyadh
2018,IT Resource Supervisor,Riyadh
2018,System Specialist,Yanbu
2018,Senior ABAP Developer,Riyadh
2018,Mobile Developer,Jubail
2018,Associate Consultant,Jubail
2018,IT Support Services Manager - APPLICANTS MUST BE SAUDI NATIONAL,Riyadh
2018,Senior Solution Designer,Riyadh
2018,Access Management - Analyst - APPLICANTS MUST BE SAUDI NATIONAL,Riyadh
2018,IT Business Analyst,Riyadh
2018,Sr. System Administrator,Riyadh
2018,Specialist ERP Business Operations Applications, Eastern Province
2018,IT Manager,Eastern Province
2018,Dynamics AX Functional Consultant,Jeddah
2018,Software Engineer  Mobile Applications (Android/iOS),Riyadh
2018,Specialist ERP Business Operations Applications, Eastern Province
2018,Analytics & Reporting Specialist,Eastern Province
2018,Graphic Designer,Riyadh
2018,Web Developer,Riyadh
2018,Project Lead Big Data Analytics,Jubail
2018,Project Lead Mobility,Khobar
2018,Senior PHP Full Stack,Riyadh
2018,Senior Certified SharePoint Developer,Yanbu
2018,Security Incident Response Specialist,Yanbu
2018,Senior ABAP Developer,Riyadh
2018,Senior Solution Designer,Riyadh
2018,Software Engineer / developer,Riyadh
2018,Programmer (Job location : Australia and Canada ),Jeddah
2018,Software Developer,Riyadh
2018,Network Support Specialist,Khobar
2018,Senior Certified SharePoint Developer,Yanbu
2018,Network Specialist,Jubail
2018,User Interface Developer,Riyadh
2018,Assistant Solution Manager,Riyadh
2018,Senior Linux Administrator,Jubail
2018,System Specialist,Yanbu
2018,Security Incident Response Specialist,Yanbu
2018,BI Data Analyst (Power BI  Saudi Nationals),Riyadh
2018,IT Support Engineer,Jeddah
2018,Technical Architect,Riyadh
2018,Head of IT Customer care Unit,Riyadh
2018,Senior Windows Systems Administrator,Jeddah
2018,IT Projects Lead (ECM Platform),Riyadh
2018,IT Supervisor,Yanbu
2018,IT Supervisor - Al Ahsa Female Campus,Alahsa
2018,Senior ABAP Developer,Riyadh
2018,Senior Network Engineer,Riyadh
2018,IT Advisor - Banking / Investment Systems - SAUDI NATIONAL ROLE,Riyadh
2018,Application Project Manager /IT Network Project Manager,Jeddah
2018,IT Quality Assurance Leader,Riyadh
2018,Developer / Programmer,Dammam
2018,Senior Solution Designer,Riyadh
2018,Mobile Developer,Jubail
2018,IT HELPDESK SUPPORT,Khobar
2018,Senior Java Developer,Riyadh
2018,Head of IT Planing and Improvement Unit,Riyadh
2018,IT Business Analyst,Riyadh
2018,Programmer Analyst (Job location : Canada ),Jeddah
2018,Access Management - Analyst - APPLICANTS MUST BE SAUDI NATIONAL,Riyadh
2018,IT Manager,Eastern Province
2018,Specialist ERP Business Operations Applications,Eastern Province
2018,Information Security Specialist,Riyadh
2018,Software Engineer  Mobile Applications (Android/iOS),Riyadh
2018,Analytics & Reporting Specialist,Eastern Province
2018,Administrator IT Infra Service Desk,Jubail
2018,storage and backup administrator,Hafr Albaten
2018,Smartphone Maintenance Manager,Riyadh
2018,Technology and Cyber Security Manager,Riyadh
2018,Web Developer,Riyadh
2018,Android Mobile Developer,Jeddah
2018,Senior Certified SharePoint Developer,Yanbu
2018,Senior Linux Administrator,Jubail
2018,Senior Network Engineer,Riyadh
2018,Developer / Programmer,Dammam
2018,Dynamics Ax Developer,Dammam
2018,Access Management - Analyst - APPLICANTS MUST BE SAUDI NATIONAL,Riyadh
2018,Senior Certified SharePoint Developer,Yanbu
2018,Web Developer,Riyadh
2018,Web Developer,Riyadh
2018,Full Stack Web Developer (Saudi Nationality only),Riyadh
2018,Web Applications Developer,Eastern Province
2018,.Net Web Application Developer,Khobar
2018,Senior Certified SharePoint Developer,Yanbu
2018,User Interface Developer,Riyadh
2018,COBOL Programmer,Jeddah
2018,PHP Developer,Riyadh
2018,Full Stack Developer,Khobar
2018,Mobile Developer,Jubail
2018,Software Engineer,Riyadh
2018,Senior Developer,Riyadh
2018,Senior SharePoint Developer,Riyadh
2018,Developer,Riyadh
2018,Senior Java Developer,Riyadh
2018,Senior Solution Designer,Riyadh
2018,Senior ABAP Developer,Riyadh
2018,Graphic Designer,Riyadh
2018,Programmer (Job location : Australia and Canada ),Jeddah
2018,Dynamics Ax Developer,Dammam
2018,Administrator- IMS - Network Voice,Jeddah
2018,Administrator IT Infra Service Desk,Jubail
2018,.Net Developer,Riyadh
2018,Software Engineer  Mobile Applications (Android/iOS),Riyadh
2018,Senior Java Developer,Riyadh
2018,Programmer Analyst (Job location : Canada ),Jeddah
2018,Azure Solution Architect,Dammam
2018,Product owner,Riyadh
2018,Analytics & Reporting Specialist,Eastern Province
2018,Senior BizTalk Developer,Riyadh
2018,.Net Developer required urgently,Eastern Province
2018,IT Professionals (For Australia),Riyadh
2018,Android Mobile Developer,Jeddah
2018,Software Developer,Riyadh
2018,Senior Certified SharePoint Developer,Yanbu
2018,Senior Linux Administrator,Jubail
2018,Security Incident Response Specialist,Yanbu
2018,IT Support Engineer,Jeddah
2018,IT Supervisor - Al Ahsa Female Campus,Alahsa
2018,Senior Network Engineer,Riyadh
2018,System Specialist,Yanbu
2018,IT HELPDESK SUPPORT,Khobar
2018,Information Security Specialist,Riyadh
2018,Programmer Analyst (Job location : Canada ),Jeddah
2018,Head of IT Customer care Unit,Riyadh
2018,Senior Windows Systems Administrator,Jeddah
2018,Technology and Cyber Security Manager,Riyadh
2018,Security Engineer,Hafr Albaten
2018,Systems Analyst,Riyadh
2018,Senior Certified SharePoint Developer,Yanbu
2018,COBOL Programmer,Jeddah
2018,User Interface Developer,Riyadh
2018,BI Data Analyst (Power BI  Saudi Nationals),Riyadh
2018,Senior ABAP Developer,Riyadh
2018,Senior Solution Designer,Riyadh
2018,IT Manager,Eastern Province
2018,Analytics & Reporting Specialist,Eastern Province
2018,IT Solutions Architect,Riyadh
2018,Senior Certified SharePoint Developer,Yanbu
2018,Technical Architect,Riyadh
2018,IT Applications Support Specialist,Riyadh
2018,Programmer Analyst (Job location : Canada ),Jeddah
2018,Senior Business Analyst,Riyadh
2018,Administrator- IMS - Network Voice,Jeddah
2018,Senior Linux Administrator,Jubail
2018,IT Support Engineer,Jeddah
2018,IT Supervisor,Yanbu
2018,Senior Network Engineer,Riyadh
2018,IT Supervisor - Al Ahsa Female Campus,Alahsa
2018,System Specialist,Yanbu
2018,Head of IT Customer care Unit,Riyadh
2018,Security Engineer,Hafr Albaten
2018, Systems Analyst,Riyadh
2018,Senior Certified SharePoint Developer,Yanbu
2018,COBOL Programmer,Jeddah
2018,User Interface Developer,Riyadh
2018,BI Data Analyst (Power BI  Saudi Nationals),Riyadh
2018,Senior ABAP Developer,Riyadh
2018,Senior Solution Designer,Riyadh
2018,IT Manager,Eastern Province
2018,Analytics & Reporting Specialist,Eastern Province
2018,Opening for CCSP Professional in Riyadh location Saudi Arabia,Riyadh
2018,"Opening for a SQL Database Administrator in Riyadh,KSA",Riyadh
2018,"Opening for a Senior Sharepoint Developer in Riyadh location,KSA",Riyadh
2018,Service Delivery Manager (Microsoft),Riyadh
2018,Sharepoint Administrator,Riyadh
2018,Dot Net Developer,Riyadh
2018,JD edwards functional analyst,Dammam
2018,Business Analyst - Saudi Nationals,Riyadh
2018,LEAD CCTV AND ACCESS CONTROL OPERATIONS / COORDINATOR,Dammam
2018,OBIA Consultant,Riyadh
2018,"IT Sales Executive - A Leading IT (Healthcare) Company, KSA",Riyadh
2018,Kentico Certified Developer working from home,Dammam
2018,Oracle FAH - Techno Functional,Riyadh
2018,Opening for SAP BPC Consultant for Riyadh Location,Riyadh
2018,GRC Architect,Dammam
2018,Hiring SAP CPM Consultant for Riyadh Location,Riyadh
2018,Opening for a Web Designer in Riyadh location Saudi Arabia.,Riyadh
2018,Presales Consultant,Riyadh
2018,"Opening for SAP Tax and Revenue Management Position for Riyadh,KSA",Riyadh
2018,Senior LIMS Engineer,Dammam
2018,Oracle FAH - Techno Functional,Riyadh
2018,Assistant Sales Manager - Saudi Arabia,Riyadh
2018,Education Account Associate Job,Riyadh
2018,"Finance Manager (Projects & Engineering , KSA )",Riyadh
2018,Services Sales Representative,Riyadh
2018,"Sales Account Executive, Saudi Arabia",Riyadh
2018,"Enterprise Account Manager, Saudi Arabia",Riyadh
2018,MUREX BACK OFFICE CONSULTANT,Riyadh
2018,SENIOR MUREX TEST ENGINEER (SAUDI ARABIA),Riyadh
2018,SENIOR MUREX INTEGRATION CONSULTANT,Riyadh
2018,Operations Director - Cinemas Entertainment Shopping Mall,Riyadh
2018,SAP Instructor - Freelancer (m/f),Riyadh
2018,Engagement Manager - Software Mobile Application,Riyadh
2018,Oracle NetSuite Consultant - Saudi Arabia,Riyadh
2018,Infor EAM Consultant - Saudi Arabia,Riyadh
2018,Big Data Analytics,Riyadh
2018,Cloud Evangelist - Saudi Arabia (Saudi Nationals),Riyadh
2018,Siebel CRM,Riyadh
2018,compliance supervisorNamma Cargo,Jeddah
2018,Cloud Evangelist - Saudi Arabia (Saudi Nationals),Riyadh
2018,Senior Key Account Manager,Riyadh
2018,HR Director,Riyadh
2018,Freight Forwarding ManagerNamma Cargo,Jeddah
2018,Senior Java Developer - Riyadh,Riyadh
2018,Frontend Developer - Riyadh,Riyadh
2018,QA Manager cum Testing,Riyadh
2018,SAP Young Professional Program- Riyadh Job,Riyadh
2018,Project Manager - PMP - Card/payment Processing Domain,Riyadh
2018,Business Analyst - Credit Cards Domain,Riyadh
2018,Oracle Functional Consultant - Adf/webcenter Modules,Riyadh
2018,Technical Support Specialist,Riyadh
2018,Technology Account Manager - Public Sector,Riyadh
2018,Technology Account Manager - Public Sector,Riyadh
2018,Tech Lead - Oracle Identify Management,Riyadh
2018,Arcgis Lead Developer - .net/ SQL Server/ Oracle DB,Riyadh
2018,Oracle UCM Consultant - OSB/ ECM Modules,Riyadh
2018,Quality EngineerNesma Electric,Jeddah
2018,"Engineer, SafetyNesma Electric",Jeddah
2018,Finance and Accounts ManagerNesma Electric,Jeddah
2018,Technology Sales Representative IV,Riyadh
2018,IT AdministrationNesma Electric,Jeddah
2018,Test Analyst,Riyadh
2018,Murex Application Support Consultant - Banking Domain,Riyadh
2018,Murex Developer,Riyadh
2018,Business Enterprise Principal Consultant Job,Riyadh
2018,Information Systems AnalystNesma Electric,Jeddah
2018,Acs Fmw Delivery Engineer,Riyadh
2018,Cloud Adoption Consulting Manager - Finance And Supply Chain Transform,Riyadh
2018,Senior Accountant,Riyadh
2018,Alliance & Channel Partner Digital Transformation Manager,Riyadh
2018,Web Developer,Jeddah
2018,"SAM Expert, Public Sector, KSA Job",Riyadh
2018,"SSEM Expert, SuccessFactors, KSA Job",Riyadh
2018,Senior Database Administrator Outsourced to our Client,Riyadh
2018,Presales Expert Job,Riyadh
2018,CUSTOMER SUPPORT OFFICER,Riyadh
2018,HR Business Partner,Riyadh
2018,Support Renewal Representative,Riyadh
2018,Data Management Sales Consultant,Riyadh
2018,Oracle Communcations Networks Account Manager,Riyadh
2018,Hr Specialist & Recruiter (Jeddah),Jeddah
2018,Murex - Back Office Position,Riyadh
2018,Murex Fo/Risk Consultant (Combo Skilled And 1 Bo Positions),Riyadh
2018,MechanicNesma Electric,Jeddah
2018,"Business Processes Senior Consultant, Saudi Arabia Job",Riyadh
2018,Lead Testing Engineer,Riyadh
2018,Control-M Administrator (Mainframe),Riyadh
2018,Senior Storage Administrator (Mainframe),Riyadh
2018,CA & BMC Systems Programmer,Riyadh
2018,Security Network Engineer,Riyadh
2018,Ship Acquisition Program Liaison,Riyadh
2018,Senior Sales Representative,Jeddah
2018,Accountant,Riyadh
2018,Sales Executive,Riyadh
2018,Senior General Business Sales Executive Job,Riyadh
2018,Royal Saudi Air Force (RSAF) F-15 Technical Service Program,Riyadh
2018,IT Help Desk Support,Jeddah
2018,HR operations Officer,Riyadh
2018,Microsoft Cloud Consultant,Riyadh
2018,Solution Sales Expert Job,Riyadh
2018,Account Manager,Riyadh
2018,Chief Surveyor,Riyadh
2018,Pre-Sales Engineer,Riyadh
2018,Technical Marketing GIS,Riyadh
2018,GIS Implementation Technical Lead,Riyadh
2018,Project Manager,Riyadh
2018,System Administrator,Riyadh
2018,Database Administrator,Riyadh
2018,iOS Application Developer,Riyadh
2018,Sales Manager,Riyadh
2018,Operations Manager Sales,Riyadh
2018,Business Development Expert VRO - Saudi Job,Riyadh
2018,Customer Service Representative.,Riyadh
2018,Procurement Manager,Riyadh
2018,Sr. Account Manager Riyadh,Riyadh
2018,Technical Sales Engineers,Riyadh
2018,Developer .net,Riyadh
2018,Java Developer,Riyadh
2018,Project Lead,Medina
2018,Sr. Training Analyst,Medina
2018,System Analyst,Medina
2018,Transportation coordinator,Medina
2018,Business Analyst - ICMS,Medina
2018,Business Configuration Engineer,Medina
2018,Change Managment Routing & Switching Engineer,Medina
2018,Charging System - Back Office Engineer,Medina
2018,Core Performance Engineer,Medina
2018,Network Analyst,Medina
2018,Solution Architect,Medina
2018,Solution Architect - Demantra & OBI,Medina
2018,Solution Architect - Mobile Applications,Medina
2018,Solution Architect - Shariki Activation Portal,Medina
2018,Test Team Lead - Middleware,Medina
2018,Integrated Marketing Programs Sr Specialist Job,Riyadh
2018,"Job: Network Development Lead (Business Development) - Riyadh, KSA",Riyadh
2018,Provisioning Manager,Riyadh
2018,Information And Data Tech,Medina
2018,Operations Director Sales Support,Riyadh
2018,SAP HRIS Specialist (Exp. 8+ yrs.),Riyadh
2018,Business Analyst (Future Opportunity),Riyadh
2018,WEB DEVELOPER (DotNet and Php),Riyadh
2018,CFO,Riyadh
2018,Accounts Manager,Riyadh
2018,Business Processes Principal Consultant Job,Riyadh
2018,"Project Principal Consultant, Saudi Arabia Job",Riyadh
2018,"Business Processes Senior Consultant, Saudi Arabia Job",Riyadh
2018,Vice President Private Equity,Riyadh
2018,Director / Head of Application Support,Riyadh
2018,Director / Head of Enterprise Architecture,Riyadh
2018,Infor Admin,Riyadh
2017,OSS Engineer - KSA,Riyadh
2017,"Professional Services Consultant - Riyadh, Saudi Arabia",Riyadh
2017,Oracle Business Intelligence Consultant,Riyadh
2017,Human Resource Manager,Medina
2017,Mining Engineer,Medina
2017,Human Resource Manager,Medina
2017,Require Consultant - Microsoft Active Directory and Exchange Servers.,Riyadh
2017,"Require Support Engineer SCSM, SCORCH, SCCM SCOM).",Riyadh
2017,SOC Analyst Level I-Preferred residents of Riyadh,Riyadh
2017,Helpdesk (BMS Operator),Jeddah
2017,Video Technician (Montage),Tabuk
2017,Translator,Tabuk
2017,Sales Account Manager,Riyadh
2017,Project Manager,Riyadh
2017,Senior Infrastructure Engineer,Riyadh
2017,SR MS infrastructure,Riyadh
2017,Sales Executive,Riyadh
2017,Pre Sales Consultant,Riyadh
2017,Presale Engineer,Riyadh
2017,Network Engineer,Riyadh
2017,IT Sales Professional,Riyadh
2017,Oracle BPM,Riyadh
2017,Windows Phone Developer,Riyadh
2017,Expert ASP.NET Developer,Riyadh
2017,iPhone Developer,Riyadh
2017,Senior Android Developer,Riyadh
2017,Senior Oracle ADF Developer,Riyadh
2017,Project manager (Saudi Arabia - Riyadh),Riyadh
2016,Business Analyst,Riyadh
2016,Fiber Optic Technician,Riyadh
2016,Junior Project Manager,Riyadh
2016,Quality Manager,Riyadh
2016,Systems Administrator,Riyadh
2016,UNIX Systems Engineer,Riyadh
2016,Business Development Manager,Riyadh
2016,Cabling Technician,Riyadh
2016,Help Desk Engineer,Riyadh
2016,Network Engineer,Riyadh
2016,Sales Manager,Riyadh
2016,IN Rule Consultant,Jeddah
2016,Biztalk Developer,Medina
2016,MS Dynamics CRM Technical Architect,Jeddah
2016,Finance Functional Consultant,Medina
2016,Finance Fusion Consultant,Medina
2016,Oracle Apps DBA Consultant,Medina
2016,Oracle SCM Technical Consultant,Jeddah
2016,Oracle SCM Functional Consultant,Jeddah
2016,Net Consultant,Jeddah
2016,Senior Finance Functional Consultant,Jeddah
2016,Dynamics CRM Inrule Consultant,Medina
2018,Android Software Engineer,jeddah
2018,Web Services & API Developer,jeddah
2018,PROJECT MANAGER (for a Zamil Group Managed Subsidiary),Dammam
2018,Systems Integrator,Riyadh
2018,Operations Systems Analyst,Jeddah
2018,Support Functions Systems Analyst,Jeddah
2018,Sales System Executive,Jeddah
2018,Operations Systems Analyst,Jeddah
2018,Support Functions Systems Analyst,Jeddah
2018,Pre-Sales Engineer (Network Design),Riyadh
2018,IT Support Specialist,Riyadh
2018,IT Support Officer,Jeddah
2018,Pre-Sales Engineer (Network Design),Riyadh
2018,Mobile Application Developer,Riyadh
2017,IT Security Lead,Riyadh
2018,IT Support Specialist,Jeddah
2018,Call Center support Technician,Jeddah
2018,Engineering Technician III - LCT - Riyadh Saudi Arabia,Riyadh
2018,"IT Support - Jeddah , Abha",Riyadh
2018,IT Engineer,jeddah
2018,Maintenance Engineer,Dhahran
2018,13025BR - OIS Service Engineer,Riyadh
2018,Sales Engineer,Riyadh
2018,Associate System Engineer (Presales Graduate Program),Riyadh
2018,Associate System Engineer (Presales Graduate Program),Riyadh
2018,IT Engineer,Jubail
2018,IT Support Engineer,Riyadh
2018,Account Manager (Saudi Nationals Only),Dammam
2018,PCS/SCADA Engineer - Unconventional Resources,Riyadh
2018,Systems Engineer,jeddah
2018,Systems Engineer,jeddah
2018,Systems Engineer,Riyadh
2018,Systems Engineer,Riyadh
2018,Engineering Technician III - LCT - Riyadh Saudi Arabia,Riyadh
2018,OEM Systems Engineer,Riyadh
2018,OEM Systems Engineer,Riyadh
2018,Female Field Support Engineer,Riyadh
2018,TRAINING DEVICE TECHNICIAN,Asir
2018,"Seeking job in I. T. Sector within KSA, with valid Aqama & Visa transf",Riyadh
2018,Control System Engineer,Riyadh
2018,System Administrator and IT Assistant,Riyadh
2018,NOC Engineer,Riyadh
2018,Infrastructure Network Planning Engineer,Riyadh
2018,"Specialist Engineer, Plant Information Systems (PIMS)",Riyadh
2018,MEA IRIS Associate Partner - Saudi Arabia,Riyadh
2018,I Am Diploma Engineer in Electronics.I need a good Job,makkah
2018,IT Deskside Support - Saudi National,Riyadh
2018,Associate System Engineer (Presales Graduate Program),Riyadh
2018,Associate System Engineer (Presales Graduate Program),Riyadh
2018,Presales Graduate Program,Riyadh
2018,Presales Graduate Program,Riyadh
2018,Network Engineer,Riyadh
2018,Presales Graduate Program,Riyadh
2018,IT Project Manager,Damam
2018,Area Manager,Riyadh
2018,IT Service Delivery Analyst | 0015,Riyadh
2018,Services Sales Representative,jeddah
2018,Document Controller,Riyadh
2018,IT Infrastructure Design Analyst | 0009,Riyadh
2018,IT Supervisor,Riyadh
2018,Commercial Procurer,Jubail
2018,HOSPITAL ASSISTANT I,Riyadh
2018,Medical Scientific Liaison- Saudi Arabia,makkah
2018,Senior Accountant,Dammam
2018,Network Security Engineer,Riyadh
2018,Specialist-Human Resources,Medina
2018,Senior Electrical/Instrument Project Engineer,Riyadh
2018,IT and Training Specialist,Dammam
2018,Netsuite Engineer ($30K/yr) - Online Hiring Tournament- 100% Remote,Riyadh
2018,NetSuite Chief Architect ($100K/yr) - Online Hiring Tournament- 100% Remote,Riyadh
2018,Medical Scientific Liaison- Saudi Arabia,Riyadh
2018,Oracle Database Administrator,Riyadh
2018,Specialist-Human Resources,Medina
2018,Senior Field System Engineer,Riyadh
2018,Technical Support Specialist,Riyadh
2018,Business Instructor,Riyadh
2018,Video Technician (Montage),Tabuk
2018,Specialist-Human Resources,Medina
2018,Security Manager - Wyndham Garden Dammam,Dammam
2018,Medical Scientific Liaison- Saudi Arabia,Riyadh
2018,Sales Engineer,Riyadh
2018,Site L&D and ACES Manager,Riyadh
2018,Female Process Engineer - Product Supply (P&G Saudi Arabia),jeddah
2018,Safety / Field Compliance Coordinator,Riyadh
2018,Software Specialist,Tabuk
2018,Female Process Engineer - Product Supply (P&G Saudi Arabia),makkah
2018,Female Process Engineer - Product Supply (P&G Saudi Arabia),Riyadh
2018,"Cybersecurity Malware Analyst, Senior",Riyadh
2018,Female Process Engineer - Product Supply (P&G Saudi Arabia),Dammam
2018,Clerk-Front Desk,Riyadh
2018,Senior HAVC Technician,Riyadh
2018,Clerk-Front Desk,Riyadh
2018,ESL / EFL Instructors (Saudi National) - Taif & Makkah Male Campuses,Altaif
2018,Field Engineer I - III (Saudi),Dammam
2018,Business Analyst,Riyadh
2018,"Quantity Surveyor (QS) - Riyadh, Saudi Arabia",Riyadh
2018,Ea Functional Specialist,Riyadh
2018,Simulator Maintainer / Console Operator,Riyadh
2018,AGE Technician,Tabuk
2018,Project Manager - LCT - Saudi Arabia,Riyadh
2018,Simulator Maintainer / Console Operator,Riyadh
2018,Sr Unix Administrator,Riyadh
2018,ISP/OSP/CATV Technician,Riyadh
2018,ACS FMW delivery engineer,Riyadh
2018,ACS FMW delivery engineer,Riyadh
2018,Manager - Development Consultancy & Research (Riyadh),Riyadh
2018,EUC Supervisor,Riyadh
2018,EUC Supervisor,Riyadh
2018,Dir I Info Sys Technology,Riyadh
2018,NPMO IT Security Engineer- Saudi National,Riyadh
2018,SAP GRC Risk Management/ Process Control Specialist,Dhahran
2018,Urgently Need Pre-sales Engineer For IT Company,Riyadh
2018,Cyber Protection System Lead,Riyadh
2018,"Chief, Maintenance Operations",Riyadh
2018,"Health, Safety",Jubail
2018,Sr. IT Security Analyst,Riyadh
2018,Network Technican,Riyadh
2018,Network Technican (MILES-CLS),Riyadh
2018,Digital Transformation Manager,Riyadh
2018,Senior Internal Auditor,jeddah
2018,Yield Manager,makkah
2018,Chef De Partie Asian Kitchen (With Transferable IQAMA),MAKKAH
2018,Sous Chef Hot Kitchen (With Transferable IQAMA),MAKKAH
2018,Senior SharePoint Developer (Arabic Speaker),Riyadh
2018,Site L&D and ACES Manager,jeddah
2018,Data Science Analyst,Riyadh
2018,End-User Support Engineer,Riyadh
2018,Quality Assurance Specialist (Stewardship),Riyadh
2018,IT Support,Riyadh
2018,Staff Technical Product Manager,Riyadh
2018,FORENSIC COMPUTER ANALYST,Riyadh
2018,Egress Sytems Maintenance Technician,Riyadh
2018,Aerospace Ground Equipment (AGE) Technician,Riyadh
2018,Head of Continuing Airworthiness (CA) (Part M),Riyadh
2018,Saudi Arabia Al-Khobar: Service Supervisor II - Well Control/HWO,Khobar
2018,Senior IT Operations Analyst | 0064,Riyadh
2018,Regional Sales Manager,Dammam
2018,Information Security GRC Senior Professional,Riyadh
2018,Mechanical Engineer,Jubail
2018,Registered Nurse - Adult Hematology / BMT,jeddah
2018,Registered Nurse - Paediatric Oncology,jeddah
2018,Registered Nurse - Adult Oncology,jeddah
2018,SaaSOps Engineering Manager ($100K/yr) - Online Hiring Tournament,Riyadh
2018,SaaSOps Architect ($60K/yr) - Online Hiring Tournament,Riyadh
2018,IT Security Gatekeeper,Riyadh
2018,Solution Architect,Riyadh
2018,Project Manager - Store Planner Dubaï,Riyadh
2018,Cloud Chief Software Architect ($100K/yr) - Online Hiring Tournament JUN9,jeddah
2018,C# (.NET) Software Architect ($60K/yr) - Online Hiring Tournament JUN6,jeddah
2018,Java Chief Software Architect ($100K/yr) - Online Hiring Tournament JUN9,jeddah
2018,SaaSOps Software Engineering Manager ($100K/yr) - Online Hiring Tournament JUN9,jeddah
2018,C++ Software Architect ($60K/yr) - Online Hiring Tournament May26,jeddah
2018,Cloud Chief Software Architect ($100K/yr) - Online Hiring Tournament May26,jeddah
2018,Software Engineering Manager ($100K/yr) - Online Hiring Tournament May19,jeddah
2018,Chief Software Architect ($100K/yr) - Online Hiring Tournament May19,jeddah
2018,Software Architects ($60K/yr) - Online Hiring Tournament - 100% Remote May19,jeddah
2018,Software Engineering Manager ($100K/yr) - Online Hiring Tournament May12,jeddah
2018,Cloud Chief Software Architect ($100K/yr) - Online Hiring Tournament May12,jeddah
2018,Java Software Architect ($60K/yr) - Online Hiring Tournament May12,jeddah
2018,Software Architects ($60K/yr) - Online Hiring Tournament - 100% Remote May12,jeddah
2018,Java Chief Software Architect ($100K/yr) - Online Hiring Tournament May12,jeddah
2018,C# (.NET) Chief Software Architect ($100K/yr) - Online Hiring Tournament May12,jeddah
2018,C++ Software Architect ($60K/yr) - Online Hiring Tournament May12,jeddah
2018,Java Software Engineering Manager ($100K/yr) - Online Hiring Tournament May5,jeddah
2018,Test Automation Chief Software Architect($100K/yr)-Online Hiring Tournament May5,jeddah
2018,Java Chief Software Architect ($100K/yr) - Online Hiring Tournament May5,jeddah
2018,C++ Chief Software Architect ($100K/yr) - Online Hiring Tournament May5,jeddah
2018,C# (.NET ) Chief Software Architect ($100K/yr) - Online Hiring Tournament May5,jeddah
2018,Senior IT Operations Analyst,Riyadh
2018,Drivers,jeddah
2018,Power BI Administrator,Riyadh
2018,Document Control,Riyadh
2018,Devops Engineers,Riyadh
2018,Junior Programmer,Riyadh
2018,Programmer - Creston / AMX Control System,Riyadh
2018,Front End Developers,Riyadh
2018,Programmer,Riyadh
2018,Salesforce Senior Consultant ($100K/yr) - Online Hiring Tournament,Riyadh
2018,Microsoft EPM Developer,Riyadh
2018,Forensic Computer Analyst,Riyadh
2018,Supply Chain Analyst,Dammam
2018,IT Application & Systems Analyst,Dhahran
2018,Sr P&PM Analyst,Riyadh
2018,IT Systems Analyst (Cyber Security),Riyadh
2018,IT Security Analyst,Riyadh
2018,Junior Business Analyst,jeddah
2018,Planning/Scheduling Engineer,Riyadh
2018,Access Management Analyst II,Dhahran
2018,System Analyst,Medina
2018,Technology Buisness Analyst,Riyadh
2018,Exploration System Analyst,Riyadh
2018,IT Systems Analyst (Cyber Security),Riyadh
2018,IT Helpdesk Technician,Riyadh
2018,IT Operations Analyst - Saudi National,Riyadh
2018,IT Operations Analyst - MUST BE SAUDI NATIONAL,Riyadh
2018,Senior Application Analyst,Dhahran
2018,Accounting Analyst,Riyadh
2018,Service Asset and Configuration (SACM) Administrator,Riyadh
2018,ICT Applications Developer|0072,Riyadh
2018,VP of Software Engineering ($200K/yr) - Online Hiring Tournament - 100% Rem,Riyadh
2018,Ruby on Rails Software Engineering Manager ($100K/yr) - Online Hiring Tourn,Riyadh
2018,C# (.NET) Software Engineering Manager ($100K/yr) - Online Hiring Tournamen,Riyadh
2018,VP of Professional Services ($200K/yr) - Online Hiring Tournament - Remote,Riyadh
2018,Ruby on Rails Software Engineering Manager ($100K/yr) - Online Hiring Tourn,Riyadh
2018,C# (.NET) Software Engineer ($30K/yr) - Online Hiring Tournament,Riyadh
2018,IT Project Manager (Microsoft Dynamics CRM),Riyadh
2018,Java Software Engineering Manager ($100K/yr) - Online Hiring Tournament,Riyadh
2018,C# (.NET) Software Engineering Manager ($100K/yr) - Online Hiring Tournamen,Riyadh
2018,QA Software Engineering Manager ($100K/yr) - Online Hiring Tournament,Riyadh
2018,Salesforce Developer ($60K/yr) - Online Hiring Tournament,Riyadh
2018,VP of Software Engineering ($200K/yr) - Online Hiring Tournament,Riyadh
2018,Vice President of Technical Product Management,Riyadh
2018,Executive Vice President of Software Engineering & Operations - $800K/yr,Riyadh
2018,Senior Vice President of Software Engineering & Operations - $400K/yr,Riyadh
2018,Senior Vice President of Technical Product Management - $400K/yr,Riyadh
2018,Vice President of Technical Product Management - $200K/yr,Riyadh
2018,Ruby on Rails Software Engineering Manager ($100K/yr) - Online Hiring Tournament,Riyadh
2018,Ruby on Rails Chief Software Architect ($100K/yr)- Online Hiring Tournament,Riyadh
2018,SaaSOps Software Engineering Manager ($100K/yr) - Online Hiring Tournament,Riyadh
2018,QA Software Engineering Manager ($100K/yr) - Online Hiring Tournament,Riyadh
2018,C# (.NET) Software Engineer ($30K/yr) - Online Hiring Tournament,Riyadh
2018,VP of Software Engineering ($200K/yr) - Online Hiring Tournament,Riyadh
2018,Cloud Developer Experience Graduate Program - KSA,Riyadh
2018,Airport Business Consultant,Riyadh
2018,Airport Business Consultant,Riyadh
2018,Ruby on Rails Chief Software Architect ($100K/yr)- Online Hiring Tournament,Riyadh
2018,Ruby on Rails Software Engineering Manager ($100K/yr) - Online Hiring Tourn,Riyadh
2018,VP of Engineering ($200K/yr) - Online Hiring Tournament - 100% Remote,Riyadh
2018,Senior Java Developer,Riyadh
2018,Airport Business Consultant,Riyadh
2018,VP of Professional Services ($200K/yr) - Online Hiring Tournament - Remote May5,jeddah
2018,Cloud Chief Software Architect ($100K/yr) - Online Hiring Tournament May5,jeddah
2018,SharePoint Developer,Riyadh
2018,Solution Advisor,Dhahran
2018,Solution Advisor,Dhahran
2018,Senior Software Developer,Riyadh
2018,Chief Software Architect ($100K/yr) - Online Hiring Tournament April28,jeddah
2018,Software Engineering Manager ($100K/yr) - Online Hiring Tournament April28,jeddah
2018,VP of Professional Services ($200K/yr) - Online Hiring Tournament-Remote April28,jeddah
2018,C# (.NET ) Chief Software Architect ($100K/yr) -Online Hiring Tournament April28,jeddah
2018,Senior .Net Developer,Riyadh
2018,Design Engineer,makkah
2018,Presales Systems Engineer,Riyadh
2018,NOC Alarm Surviliance engineer,Riyadh
2018,NPI Engineer,Riyadh
2018,Managed Services Delivery Manager,Riyadh
2018,General Project Manager,Riyadh
2018,Summer Trainee - Engineer,Riyadh
2018,Summer Trainee - Engineer,Riyadh
2018,Summer Trainee - Engineer,Riyadh
2018,Summer Trainee - Engineer,Riyadh
2018,SDH Engineer,Dammam
2018,IT Support Engineer,Riyadh
2018,IT Support Engineer,Riyadh
2018,Sr. IS Support Engineer – Desktop / Hardware Engineer,Riyadh
2018,Missile Technician Field Engineer II,jeddah
2018,Missile Processing Sr Field Engineer I,jeddah
2018,Patriot SMP Systems Technician Sr Field Engineer I,Dhahran
2018,Senior Service Engineer,Riyadh
2018,Senior Service Engineer,Riyadh
2018,Manufacturing Engineer,Riyadh
2018,EFB Administrator,jeddah
2018,Storage Administrator,Riyadh
2018,Database Engineer ($30K/yr) - Online Hiring Tournament by Crossover,Riyadh
2018,Database Chief Architect ($100K/yr) - Online Hiring Tournament,Riyadh
2018,Exploration System Consultant,Dammam
2018,Oracle Database Administrator,Riyadh
2018,Senior Database Administrator,Dammam
2018,Principal Database Admin,jeddah
2018,Database Chief Architect ($100K/yr) - Online Hiring Tournament,Riyadh
2018,Principal Database Admin,jeddah
2018,DBA expert for Telco Operations,Riyadh
2018,Material Data Administrator,Riyadh
2018,IT Supply Chain Administrator,Khobar
2018,IT Administrator,Riyadh
2018,SharePoint Developer,Riyadh
2018,Senior Database Administrator Outsourced to our Client,Riyadh
2018,Senior Database Administrator Outsourced to our Client,Riyadh
2018,McAfee Solid Core System Administrator,Riyadh
2018,Senior Storage Administrator - 023294,Riyadh
2018,Linux System Administrator - 023296,Riyadh
2018,Sr. Training & Development Specialist,jeddah
2018,Oracle Database Administrator,Riyadh
2018,Business Analyst | 0156,Riyadh
2018,Treasury Analyst,Riyadh
2018,Accounting Analyst,Riyadh
2018,Knowledge Analyst - Healthcare,Riyadh
2018,BI Data Analyst - Power BI - Saudi National,Riyadh
2018,"BI Data Analyst (Power BI, Saudi Nationals)",Riyadh
2018,Junior Research Analyst,Riyadh
2018,Junior Business Analyst,jeddah
2018,Financial Analysts - French/German Speaking ($30k/yr) - Hiring Tournament,Riyadh
2018,Joint Military Analyst,Riyadh
2018,"Joint Military Analyst, Senior",Riyadh
2018,Solutions Consultant,Riyadh
2018,Controls Analyst,Riyadh
2018,Aconex Configuration Analyst (Connect Cost),Riyadh
2018,"Aconex, Project Delivery Configuration Analyst",Riyadh
2018,Data Integration Analyst,Riyadh
2018,Power BI System Analyst,Riyadh
2018,Primavera Configuration Analyst,Riyadh
2018,"Engineer (Inspection, HVAC, Fire Protection, Civil, Piping), Fire Equipment Specialist / Analyst",Riyadh
2018,Business Analyst - Excellent Opportunity for Saudi Nationals - Jeddah office,jeddah
2018,Financial Analyst,Riyadh
2018,Sr. Financial & Planning Performance Management Analyst,Riyadh
2018,Support Functions Systems Analyst,jeddah
2018,Financial Analyst,jeddah
2018,Financial Analysts - French/German Speaking ($30k/yr) - Hiring Tournament,Riyadh
2018,Operations Systems Analyst,jeddah
2018,Senior Risk Analyst,Riyadh
2018,Revenue Accountant,Jubail
2018,Corporate - EMEA Compliance Saudi Arabia - Global Financial Crime Analyst - Associate,Riyadh
2018,Senior Finance Analyst FC Finance,Riyadh
2018,Solutions Consultant - 022744,Riyadh
2018,Solutions Consultant,Riyadh
2018,Oracle Systems Analyst,Riyadh
2018,INFORMATION RISK MANAGEMENT ANALYST,Riyadh
2018,Executive Assistant & Sales Analyst : Parfums Christian Dior,Riyadh
2018,Security Operations Centre Analyst,Riyadh
2018,"Joint Military Analyst, Senior",Riyadh
2018,"Joint Military Analyst, Lead",Riyadh
2018,Joint Military Analyst,Riyadh
2018,Cybersecurity Operations Engineer/Incident Response Team Manager,Riyadh
2018,Business Analyst (for Saudi Nationals),jeddah
2018,Murex FO/Risk Consultant (combo skilled and 1 BO positions),Riyadh
2018,Murex - Back Office Position,Riyadh
2018,Global IT Fulfillment Specialist,Riyadh
2018,Commercial and Airport Systems Analyst,jeddah
2018,corporate and SME relationship manager,Riyadh
2018,Business Analyst (for Saudi Nationals),Riyadh
2018,Associate Security Analyst,Riyadh
2018,Business Analyst Office of the President,Riyadh
2018,Business Analyst – Office of the President,Riyadh
2018,Restaurants area manager,Riyadh
2018,Store General Manager,Riyadh
2018,accountant,Riyadh
2018,Accountant Cum Office Administrator,Riyadh
2018,Food's Server,jeddah
2018,Executive Secretary,jeddah
2018,Network & Communication Administrator,Jubail
2018,Network/VoIP Administrator,Riyadh
2018,KSA HR Manager,Riyadh
2018,Systems Support Manager,Riyadh
2018,IT Supervisor,Riyadh
2018,Systems Support Manager,Riyadh
2018,Network Administrator,Riyadh
2018,Administrator- IMS - Network Voice,jeddah
2018,SharePoint Administrator,Riyadh
2018,IT Supervisor,Tabuk
2018,Administrative Coordinator,jeddah
2018,Unified Comunications Engineer,Riyadh
2018,System Administrator,Riyadh
2018,For a Leading IT Company,Riyadh
2018,Creative Web Developer & Graphic Designer,Riyadh
2018,Dot Net Developer,Riyadh
2018,PHP Web Developer,Khobar
2018,web designer,jeddah
2018,Senior Accountant,Riyadh
2018,Female Store Manager,Jizan
2018,"Programme Controls Manager - Riyadh, Saudi Arabia",Riyadh
2018,IP Service Transition Manager,Riyadh
2018,Emerging Channels Manager,Riyadh
2018,System Administrator,Khobar
2018,Commercial Project Manager - Saudi National,jeddah
2018,Supervisor - Secondary Shift,Riyadh
2018,CMMS Manager,Riyadh
2018,SENIOR PROJECT ENGINEER,Dammam
2018,Project Engineer,Khobar
2018,Call Center support Technician,jeddah
2018,Finance & Accounting - MBA/Master's Degree Hiring,Riyadh
2018,Employability Coach,Riyadh
2018,EHS Senior Advisor - Riyadh Metro Project,Riyadh
2018,Warranty Engineer,jeddah
2018,"Contract Specialist (Saudi National) - Riyadh , Saudi Arabia",Riyadh
2018,IT Project Delivery & Quality Section Manager | 0002,Riyadh
2018,Digital Performance Program Manager | 0001,Riyadh
2018,Network Planner (Fuel/Gas Station Network),Riyadh
2018,PROJECT MANAGER - WEST PIER PROJECT (Engineering & Constr... ‎,Dammam
2018,General Manager,makkah
2018,HSE Officer | AF Engineering | Makkah,jeddah
2018,Hazard Log Engineer - Riyadh Metro Project,Riyadh
2018,Testing & Commissioning Manager Line 1 - Riyadh Metro Project,Riyadh
2018,HSSE Group Leader,jeddah
2018,Project Director - Malls,Riyadh
2018,Employability Coach,Riyadh
2018,VP of Software Engineering ($200K/yr) - Online Hiring Tournament,Riyadh
2018,Customer Engagement Manager,Riyadh
2018,Test and Commissioning Engineer,Riyadh
2018,Accounting Compliance and Reporting Associate up to Manager,Riyadh
2018,DCG Sales Manager - KSA,Riyadh
2018,Clerk-Front Desk,Dhahran
2018,Transfer pricing Assistant Manager- Jeddah/,Riyadh
2018,DCG Sales Manager - KSA,Riyadh
2018,Test & Comissioning Engineer,Riyadh
2018,Talent and Development Advisor,Riyadh
2018,Sales Consultant,jeddah
2018,Services Specialist - Commissioning,Riyadh
2018,Engagement Manager,Riyadh
2018,Clerk-Front Desk,Dhahran
2018,CWJV Safety Case Engineer,Riyadh
2018,NetSuite Chief Architect ($100K/yr) - Online Hiring Tournament- 100% Remote,Riyadh
2018,Scheduler,jeddah
2018,Regional Sales Manager Saudi Arabia,Riyadh
2018,Field Technician,Riyadh
2018,Administrative / Inventory Specialist,Dammam
2018,In-Charge Projects,Jubail
2018,"Supervisor, Campus Safety (Male) - Al Ahsa Campus",Riyadh
2018,Campus Safety Supervisor - Al Ahsa Campus (Male),Riyadh
2018,Procurement Manager - Engineering Services / O&m; /,Riyadh
2018,Territory Account Manager - Commercial Accounts,Riyadh
2018,Senior Consulting Manager,Riyadh
2018,Regional Sales Manager,Riyadh
2018,"MEP Commissioning Manager - Riyadh, Saudi Arabia",Riyadh
2018,Business Applications Manager,Riyadh
2018,Warehouse Manager,jeddah
2018,Generalist-Human Resources,Riyadh
2018,Lead Finance Specialist 1 - Project Control,Riyadh
2018,Procurement Manager - Engineering Services/O&M/FM,Riyadh
2018,CWJV Safety Case Engineer,Riyadh
2018,Senior Manager - Carve-out/Merger Integration Advisory,Riyadh
2018,Service Manager - FAMCO - ER,jeddah
2018,Compliance Officer (m/f)*,jeddah
2018,Factory Manager,Riyadh
2018,Digital Performance Program Manager | 0001,Riyadh
2018,"Head of Commercial (Teaching) KSA, Kuwait and Bahrain",Riyadh
2018,Field Instrumentation Engineer - PFE,Jubail
2018,Program Control Manager,Riyadh
2018,Senior Plant Manager,Riyadh
2018,HRBP - KSA (Saudi National Only),Riyadh
2018,Clinical Marketing Manager - Siemens Healthineers,Riyadh
2018,Warehouse Manager (Pharmaceutical),Riyadh
2018,Installation Site Engineer - Riyadh Metro Project,Riyadh
2018,Database Experts/Computer Scientists with Geoscience background,Riyadh
2018,QHSSE Manager,Dammam
2018,Training and Development Manager,Jubail
2018,Regional Sales Manager,Dammam
2018,Project Pursuit Manger,Khobar
2018,Group Accounting Manager - Arabic Speaker,Riyadh
2018,Designated Support Engineer - Saudi Arabia,Riyadh
2018,Senior Manager - Carve-out/Merger Integration Advisory,Riyadh
2018,"Laboratory Manager Cum RSO , Jeddah",Riyadh
2018,IT Engineer,Jubail
2018,HSSE Group Leader,jeddah
2018,ACES Manager,Riyadh
2018,Senior Manager - Carve-out/Merger Integration Advisory,Riyadh
2018,SFE & Promotion Manager,jeddah
2018,Key Account Manager,jeddah
2018,Sales Specialists & Consultant,Riyadh
2018,"Manager, Quality Assurance",Khobar
2018,Area Sales Manager,Riyadh
2018,Supply Chain Manager,Riyadh
2018,Architectural Designer / 3D Visualizer,Khobar
2018,Recruitment Specialist - Alyasra Fashion - Riyadh Office KSA,Riyadh
2018,Group Accounting Manager - Arabic Speaker,Riyadh
2018,Facilities Engineer,jeddah
2018,Water/Civil Engineer (KSA National),Dammam
2018,"Laboratory Manager Cum RSO , Jeddah",Khobar
2018,Network Administrator,Khobar
2018,Remote Automation Solutions - Sales Leader,Dammam
2018,Sr. Instrument Engineer,Jubail
2018,HSE Manager,Dammam
2018,QSHE Manager (Saudi Arabia),Riyadh
2018,Electrical Technician,Riyadh
2018,CAFM Manager (Saudi Arabia),Riyadh
2018,Lead Project Coordinator - Services,Riyadh
2018,Human Resources Agent,makkah
2018,Project Director - Offshore,Khobar
2018,Facility Manager for Luxury Hotel,Riyadh
2018,Senior Quality Manager,Riyadh
2018,Administration Executive,Riyadh
2018,Purchase Agent,makkah
2018,Floor Supervisor,makkah
2018,Immediately Required communication eng and It Design Manager and System Integration Engineer to KSA,Riyadh
2018,Senior Vice President of Finance ($400K/yr) - Exclusive Hiring Event16JUNE,Riyadh
2018,NetSuite Chief Architect ($100K/yr) - Online Hiring Tournament- 100% Remote16JUN,Riyadh
2018,DCG Channel Sales Manager-KSA,Riyadh
2018,Project Controls Manager - Major Masterplanned Development,Riyadh
2018,Clerk-Front Desk,Dhahran
2018,Civil Engineer (Water Infrastructure),Riyadh
2018,HSSE Group Leader,jeddah
2018,Talent Management General Manager,Riyadh
2018,Recruitment Specialist - Alyasra Fashion - Riyadh Office KSA,Riyadh
2018,Senior Quality Manager,Riyadh
2018,Production Supervisor,Dammam
2018,Sr Sales Manager 1 - Sales,Khobar
2018,Staff Technical Product Manager,Riyadh
2018,National Sales Manager,jeddah
2018,Clerk-Front Desk,Dhahran
2018,Senior Quality Assurance (QA) Manager,Riyadh
2018,Research and Academia Sales Manager,Riyadh
2018,PHARMACY TECHNICIAN,Riyadh
2018,Customer Service Manager - CSM,Riyadh
2018,Internal Audit Senior Officer - Saudi Nationals only,Riyadh
2018,Medical Representative,Riyadh
2018,HSE Manager,Riyadh
2018,DCG Channel Sales Manager-KSA,Riyadh
2018,"Oracle Applications Account Manager for Commercial Sector (Region: Egypt, North Africa and LEVANT)",Riyadh
2018,Account Manager,Riyadh
2018,Sr. Account Manager - Jeddah,jeddah
2018,Security Manager - Wyndham Garden,Dammam
2018,Clerk-Front Desk (Data Entry),makkah
2018,Regional Sales Manager Saudi Arabia (Finance),Riyadh
2018,Controlling Manager (Finance) - Only Saudi Nationals,Riyadh
2018,Sr. Testing & Commissioning Engineer (Power Transformers),Riyadh
2018,Internal Auditor - IT,Jubail
2018,Project Director,Riyadh
2018,Senior Network Specialist,Riyadh
2018,Administration And Accommodation Coordinator - Saudi National,Dammam
2018,Project Site Manager,jeddah
2018,Projects Manager,Riyadh
2018,Operations Engineering Manager,Riyadh
2018,Medical Representative,Riyadh
2018,Clerk-Front Desk,Khobar
2018,Financial Planning Analysis Manager,jeddah
2018,"Oracle Applications Account Manager for Commercial Sector (Region: Egypt, North Africa and LEVANT)",Riyadh
2018,IT Helpdesk Technician,Riyadh
2018,EXECUTIVE VICE PRESIDENT OF SOFTWARE ENGINEERING & OPERATIONS -$800K/YEAR June2,jeddah
2018,Procurement Lead,Khobar
2018,Passenger Service Assistant,Riyadh
2018,Chief Accountant,makkah
2018,HR Manager (Saudi National),Riyadh
2018,Oracle Applications Account Manager for Commercial Sector (Region: East And West Africa),Riyadh
2018,Vice President of Technical Product Management - $200K/Year June2,jeddah
2018,Registered Nurse - Oncology Outpatient,jeddah
2018,Nurse Manager - VIP Unit,jeddah
2018,Registered Nurse - Nursing Administration,jeddah
2018,Registered Nurse - Medical Oncology,jeddah
2018,SERVICE MANAGER,Riyadh
2018,Service Center Specialist,Riyadh
2018,Generator Test and Repair Technician Field Engineer II,jeddah
2018,Purchasing Officer,Riyadh
2018,Firefighter,Dammam
2018,Staff Planning Specialist,Dhahran
2018,Front Desk Agent,Riyadh
2018,Lead Manager Operational EHS - Fixed Facilities,Dammam
2018,Senior Sales Account Manager - Saudi National,Dammam
2018,Oracle Applications Account Manager for Commercial Sector (Region: Saudi Arabia),Riyadh
2018,Oracle Applications Account Manager for Commercial Sector,Riyadh
2018,Senior Risk Manager,Riyadh
2018,Project Manager,Riyadh
2018,Infrastructure Estimating Manager,Riyadh
2018,Sr Services Manager - Digital Customer Support Eng,Riyadh
2018,Business Development Manager - Saudi National,Riyadh
2018,Helicopter Simulator Instructor Pilot,Riyadh
2018,Senior Sales Account Manager - Saudi National,Riyadh
2018,Business Development Manager - Saudi National,Riyadh
2018,Technical Interface Manager,Riyadh
2018,"Tax Manager - GCC customs, Excise laws & Practices",Riyadh
2018,"Food & Beverages Banquet Manager (VVIP Hospitality) Must Have Pre-Openning Luxury Hospitality Exp: 30-40K SAR Per Month Tax Free, Plus Luxury Housing, Plus Bonus & Great Benefits (Expat Package)",Riyadh
2018,Business Development Manager,Riyadh
2018,IT Manager,Riyadh
2018,Category Production Manager – Sauces & Fine Foods,jeddah
2018,Front Desk Agent,Riyadh
2018,Design Manager,Riyadh
2018,Executive Assistant,Riyadh
2018,Payroll Manager,Riyadh
2018,Senior Sales Account Manager,Dammam
2018,HR & Administration Manager (saudi Nationals Only),Riyadh
2018,Clerk-Front Desk,makkah
2018,Executive Assistant,Riyadh
2018,"Leader, Account Manager",Riyadh
2018,Senior Systems Engineer,Riyadh
2018,Technical Training Manager (KFAB),Tabuk
2018,Sales Account Manager,jeddah
2018,Project Manager - KSA,Riyadh
2018,Territory Account Manager - Enterprise Accounts,Riyadh
2018,Territory Account Manager - Western Province,jeddah
2018,Territory Account Manager - Commercial Accounts,Riyadh
2018,2018-18336,Dammam
2018,Occupational Health & Environment Manager,jeddah
2018,Senior Sales Account Manager,Riyadh
2018,Senior Business Development Manager - Marketplace,Riyadh
2018,Design Manager,Riyadh
2018,Finance Manager 1 - Project Control,Riyadh
2018,Waiter/Waitress,Riyadh
2018,Executive Assistant,Riyadh
2018,QHSE,jeddah
2018,Fire fighting design engineer,Khobar
2018,Senior PHP Web Developer,Riyadh
2018,Payroll Accountant,Khobar
2018,General Manager,Dammam
2018,Technical Expert (TE) for Data Management - 022987,Riyadh
2018,Guest Services Associate I - Receptionest,Riyadh
2018,Sr Services Manager - Digital Customer Support Eng,Riyadh
2018,Project Manager,Riyadh
2018,SOLUTIONS INTEGRATION ARCHITECT,Riyadh
2018,"Senior Administrative Assistant, KSA",Riyadh
2018,Install Sales Manager KSA,Riyadh
2018,Business Line Manager – Terrestrial Survey (Asset Integrity),Dammam
2018,Supply Innovation Manager,Riyadh
2018,Sr Services Manager 2 - Digital Customer Support Eng,Riyadh
2018,Finance Manager 1 - Project Control,Riyadh
2018,Sales & Marketing Manager,Riyadh
2018,Technical Expert (TE) for Data Intelligence - 022986,Riyadh
2018,Talent Acquisition Specialist | HRSS | Riyadh,Riyadh
2018,QC MANAGER (ARAMCO APPROVED),Riyadh
2018,Onboarding Account Manager,Riyadh
2018,Facility Manager,Riyadh
2018,PSD Installation Supervisor - Riyadh Metro Project (295160),Riyadh
2018,SENIOR STAFF RECRUITER,jeddah
2018,Senior Finance Specialist,Riyadh
2018,Commissioning and Pre-Commissioning Manager,Jubail
2018,Finance / Accounts Manager,Khobar
2018,Supervisor Security,Riyadh
2018,IBM Procurement Services Category Manager - Jeddah,Riyadh
2018,Install Sales Manager KSA & BH,Riyadh
2018,Install Sales Manager KSA & BH,Riyadh
2018,Enterprise Acquisition Account Manager - 023132,Riyadh
2018,Sales & Marketing Manager,Riyadh
2018,Site Manager,Riyadh
2018,Sr Systems Engineer I,Riyadh
2018,First Line Manager,Riyadh
2018,General Manager,Riyadh
2018,IT Manager,Riyadh
2018,General Manager,makkah
2018,Marketing Coordinator,Khobar
2018,Pricing Operations Leader,Riyadh
2018,General Manager,makkah
2018,HSSE Manager,Khobar
2018,Senior Project Manager,Medina
2018,Recruitment Specialist,Riyadh
2018,"Sales Account Manager, Healthcare/IT",Riyadh
2018,Key Account Manager – Retail Sales Decorative,Riyadh
2018,Executive Secretary,jeddah
2018,Quality Manager PET,Khobar
2018,Regional Sales Manager (Dammam) - Saudi Arabia,Dammam
2018,Human Resources and Administration Manager,Riyadh
2018,Project Associate l Saudi Graduates Only,Riyadh
2018,Sales Manager - Wyndham Garden Dammam,Dammam
2018,Site Manager,Riyadh
2018,Territory Account Manager - Western Province,jeddah
2018,Relationship Management Director,Riyadh
2018,Technical Support Manager,Dammam
2018,Trainee - Multicolor,Riyadh
2018,Sr. Manager Sales and BD,Riyadh
2018,Registered Nurse - General Oncology / Palliative Care,jeddah
