Software Engineer / developer,0
Software Developer,1
 Software Engineering & Development Trainee,2
Senior Certified SharePoint Developer,3
User Interface Developer,4
COBOL Programmer,5
PHP Developer,6
Full Stack Developer,7
Senior Linux Administrator,8
IT Supervisor - Al Ahsa Female Campus,9
Developer / Programmer,10
Java Developer,11
Assistant Solution Manager,12
Senior Developer,13
Developer,14
Android Mobile Developer,15
Programmer Analyst (Job location : Canada ),16
Programmer (Job location : Australia and Canada ),17
IT Professionals (For Australia),18
IT Supervisor,19
IT Projects Lead (ECM Platform),20
Marketing Specialist/ERP Consultant,21
IT Applications Support Specialist,22
Mobile Developer,23
Developer Enterprise Data Integration,24
Associate Consultant Oracle CRM,25
Senior Solution Designer,26
Senior ABAP Developer,27
IT Quality Assurance Leader,28
Web Developer,29
Cyber Security Manager,30
.Net Web Application Developer,31
TELESALES / SALES CONSULTANT - ONLY APPLY IF YOU ARE A RESIDENT IN SAUDI ARABIA,32
Web Applications Developer,33
Senior SharePoint Developer,34
Graphic Designer,35
Head of IT Customer care Unit,36
IT Manager,37
Access Management - Analyst - APPLICANTS MUST BE SAUDI NATIONAL,38
Senior Java Developer,39
Dynamics Ax Developer,40
Sr. System Administrator,41
Project Lead Mobility,42
Senior Windows Systems Administrator,43
Information Security Specialist,44
storage and backup administrator,45
Digital Project Manager,46
Project Manager,47
Project Manager Big Data Analytics,48
Application Project Manager /IT Network Project Manager,49
SAP Project Manager,50
Audio Visual installation Technician,51
IT Support Engineer,52
SAP Solutions Architect,53
Head of IT Planing and Improvement Unit,54
Technology and Cyber Security Manager,55
IT Service Ops Lead (NOC/SOC),56
Oracle HRMS Techno-Functional,57
Oracle Financial Techno-Functional,58
IT Advisor - Banking / Investment Systems - SAUDI NATIONAL ROLE,59
IT Resource Supervisor,60
System Specialist,61
Associate Consultant,62
IT Support Services Manager - APPLICANTS MUST BE SAUDI NATIONAL,63
IT Business Analyst,64
Specialist ERP Business Operations Applications,65
Dynamics AX Functional Consultant,66
Software Engineer  Mobile Applications (Android/iOS),67
Analytics & Reporting Specialist,68
Project Lead Big Data Analytics,69
Senior PHP Full Stack,70
Security Incident Response Specialist,71
Network Support Specialist,72
Network Specialist,73
BI Data Analyst (Power BI  Saudi Nationals),74
Technical Architect,75
Senior Network Engineer,76
IT HELPDESK SUPPORT,77
Administrator IT Infra Service Desk,78
Smartphone Maintenance Manager,79
Full Stack Web Developer (Saudi Nationality only),80
Software Engineer,81
Administrator- IMS - Network Voice,82
.Net Developer,83
Azure Solution Architect,84
Product owner,85
Senior BizTalk Developer,86
.Net Developer required urgently,87
Security Engineer,88
Systems Analyst,89
IT Solutions Architect,90
Senior Business Analyst,91
 Systems Analyst,92
