"title_name,""title_location"",""title_date"""
".Net software developer,""Saudi Arabia"",""2018/07/16"""
"Software Engineer / developer,""Riyadh"",""2018/07/11"""
"Software Developer,""Riyadh"",""2018/06/27"""
"Software Developer,""Riyadh"",""2018/06/02"""
".Net software developer,""Saudi Arabia"",""2018/06/11"""
" Software Engineering & Development Trainee,""Riyadh"",""2018/06/03"""
"Senior Certified SharePoint Developer,""Yanbu"",""2018/07/15"""
"User Interface Developer,""Riyadh"",""2018/07/17"""
"COBOL Programmer,""Jeddah"",""2018/07/16"""
"PHP Developer,""Riyadh"",""2018/07/02"""
"Full Stack Developer,""Khobar"",""2018/07/11"""
"Senior Linux Administrator,""Jubail"",""2018/07/08"""
"IT Supervisor - Al Ahsa Female Campus,""Alahsa"",""2018/06/29"""
"Developer / Programmer,""Dammam"",""2018/07/01"""
"Java Developer,""Riyadh"",""2018/07/12"""
"Assistant Solution Manager,""Riyadh"",""2018/07/12"""
"Senior Developer,""Riyadh"",""2017/12/24"""
"Developer,""Riyadh"",""2018/05/29"""
"Android Mobile Developer,""Jeddah"",""2018/06/14"""
"Programmer Analyst (Job location : Canada ),""Jeddah"",""2018/05/28"""
"Programmer (Job location : Australia and Canada ),""Jeddah"",""2018/06/19"""
"Software Quality Assurance (SQA) Engineer,""Saudi Arabia"",""2018/05/31"""
"IT Professionals (For Australia),""Riyadh"",""2018/06/13"""
"IT Supervisor,""Yanbu"",""2018/07/03"""
"IT Projects Lead (ECM Platform),""Riyadh"",""2018/07/04"""
"Marketing Specialist/ERP Consultant,""Dammam"",""2018/07/08"""
"IT Applications Support Specialist,""Riyadh"",""2018/07/04"""
"Mobile Developer,""Jubail"",""2018/06/27"""
"Developer Enterprise Data Integration,""Riyadh"",""2018/06/27"""
"Associate Consultant Oracle CRM,""Riyadh"",""2018/06/28"""
"Senior Solution Designer,""Riyadh"",""2018/05/31"""
"Senior ABAP Developer,""Riyadh"",""2018/06/25"""
"IT Quality Assurance Leader,""Riyadh"",""2018/06/28"""
"Web Developer,""Riyadh"",""2018/05/24"""
"Cyber Security Manager,""Riyadh"",""2018/06/26"""
".Net Web Application Developer,""Khobar"",""2018/06/07"""
"TELESALES / SALES CONSULTANT - ONLY APPLY IF YOU ARE A RESIDENT IN SAUDI ARABIA,""Riyadh"",""2018/07/02"""
"Web Applications Developer,""Eastern Province"",""2018/05/30"""
"Senior SharePoint Developer,""Riyadh"",""2018/06/07"""
"Graphic Designer,""Riyadh"",""2018/05/23"""
"Head of IT Customer care Unit,""Riyadh"",""2018/05/21"""
"C++ Developer,""Saudi Arabia"",""2018/05/31"""
"IT Manager,""Eastern Province"",""2018/06/06"""
"Access Management - Analyst - APPLICANTS MUST BE SAUDI NATIONAL,""Riyadh"",""2018/05/17"""
"Senior Java Developer,""Riyadh"",""2018/05/31"""
"Dynamics Ax Developer,""Dammam"",""2018/05/28"""
"Sr. System Administrator,""Riyadh"",""2018/05/22"""
"Project Lead Mobility,""Khobar"",""2018/05/31"""
"Senior Windows Systems Administrator,""Jeddah"",""2018/05/31"""
"Information Security Specialist,""Riyadh"",""2018/06/07"""
"storage and backup administrator,""Hafr Albaten"",""2018/06/21"""
"Senior Geological Expert, Cairo (Fracture Carbonates Reservoirs),""Saudi Arabia"",""2018/07/10"""
"T&A Technician I,""Saudi Arabia"",""2018/07/11"""
"Senior Business Analyst |,""Saudi Arabia"",""2018/07/12"""
"Services Specialist 1 - On Site Services,""Saudi Arabia"",""2018/07/04"""
"Senior Software Engineer job in Saudi Arabia,""Saudi Arabia"",""2018/06/28"""
"Linux L2 support,""Saudi Arabia"",""2018/06/26"""
"Consulting,Technology,EnterpriseArchitect-Manager,""Saudi Arabia"",""2018/06/27"""
"SAP GRC Specialist job in Saudi Arabia,""Saudi Arabia"",""2018/06/23"""
"Commercialization Specialist job in Saudi Arabia,""Saudi Arabia"",""2018/06/23"""
"Senior Control and Automation Technician job in Kwazulu Natal,""Saudi Arabia"",""2018/06/23"""
"Seismic Data Imaging Geophysicist job in Saudi Arabia,""Saudi Arabia"",""2018/06/23"""
"Consulting,Technology,InfrastructureArchitect-Manager,""Saudi Arabia"",""2018/06/27"""
"Geophysicist job in Saudi Arabia,""Saudi Arabia"",""2018/06/28"""
"Presales Expert - Public Sector Job,""Saudi Arabia"",""2018/06/22"""
"Senior Application Engineer,""Saudi Arabia"",""2018/06/26"""
"Inspector - Vibration,""Saudi Arabia"",""2018/06/23"""
"Supervisor, Purchasing job in Al-Khobar,""Saudi Arabia"",""2018/06/26"""
"Senior Business Analyst Outsourced to our Client,""Saudi Arabia"",""2018/06/26"""
"SSEM Expert, SuccessFactors, KSA Job,""Saudi Arabia"",""2018/06/22"""
"SAM Expert, Public Sector, KSA Job,""Saudi Arabia"",""2018/06/22"""
"DCG Channel Sales Manager-KSA,""Saudi Arabia"",""2018/06/21"""
"S4HANA Technical Architect - Saudi Job,""Saudi Arabia"",""2018/06/22"""
"S4HANA Functional Architect - KSA Job,""Saudi Arabia"",""2018/06/22"""
"Sr. System Administrator,""Saudi Arabia"",""2018/06/21"""
"Digital Project Manager,""Mecca"",""2018/07/11"""
"Project Manager,""Jeddah"",""2018/07/05"""
"Project Manager,""Saudi Arabia"",""2018/07/05"""
"Project Manager Big Data Analytics,""Jubail"",""2018/06/27"""
"Application Project Manager /IT Network Project Manager,""Jeddah"",""2018/06/11"""
"SAP Project Manager,""Riyadh"",""2018/06/18"""
"Senior Certified SharePoint Developer,""Yanbu"",""2018/07/15"""
"IT Project Delivery & Quality Section Manager |,""Saudi Arabia"",""2018/07/13"""
"Head of IT Customer care Unit,""Riyadh"",""2018/05/21"""
"IT Projects Lead (ECM Platform),""Riyadh"",""2018/07/04"""
"Head of IT,""Saudi Arabia"",""2018/07/04"""
"Audio Visual installation Technician,""Khobar"",""2018/07/04"""
"Full Stack Developer,""Khobar"",""2018/07/11"""
"Information Secuirty Manager,""Saudi Arabia"",""2018/07/08"""
"BI Data Analyst (Power BI, Saudi Nationals),""Riyadh"",""2018/07/11"""
"IT Support Engineer,""Jeddah"",""2018/07/12"""
"Developer / Programmer,""Dammam"",""2018/07/01"""
"SAP BW/BO Consultant (Saudi National),""Eastern Province"",""2018/07/01"""
"SAP Solutions Architect,""Khobar"",""2018/06/24"""
"Head of IT Planing and Improvement Unit,""Riyadh"",""2018/05/21"""
"Technology and Cyber Security Manager,""Riyadh"",""2018/05/21"""
"IT Service Ops Lead (NOC/SOC),""Riyadh"",""2018/07/04"""
"Oracle HRMS Techno-Functional,""Jubail"",""2018/07/03"""
"Oracle Financial Techno-Functional,""Jubail"",""2018/07/03"""
"IT Supervisor - Al Ahsa Female Campus,""Alahsa"",""2018/06/29"""
"IT Advisor - Banking / Investment Systems - SAUDI NATIONAL ROLE,""Riyadh"",""2018/07/01"""
"IT Resource Supervisor,""Riyadh"",""2018/06/07"""
"System Specialist,""Yanbu"",""2018/06/24"""
"Senior ABAP Developer,""Riyadh"",""2018/06/25"""
"Mobile Developer,""Jubail"",""2018/06/27"""
"Associate Consultant,""Jubail"",""2018/06/27"""
"IT Support Services Manager - APPLICANTS MUST BE SAUDI NATIONAL,""Riyadh"",""2018/06/05"""
"Senior Solution Designer,""Riyadh"",""2018/05/31"""
"Access Management - Analyst - APPLICANTS MUST BE SAUDI NATIONAL,""Riyadh"",""2018/05/17"""
"IT Business Analyst,""Riyadh"",""2018/05/30"""
"Sr. System Administrator,""Riyadh"",""2018/05/22"""
"Specialist, ERP Business Operations Applications,""Eastern Province"",""2018/05/29"""
"IT Manager,""Eastern Province"",""2018/06/06"""
"Dynamics AX Functional Consultant,""Jeddah"",""2018/05/22"""
"Software Engineer, Mobile Applications (Android/iOS),""Riyadh"",""2018/05/26"""
"Specialist, ERP Back Office Applications,""Eastern Province"",""2018/05/29"""
"Analytics & Reporting Specialist,""Eastern Province"",""2018/05/29"""
"Graphic Designer,""Riyadh"",""2018/05/23"""
"Web Developer,""Riyadh"",""2018/05/24"""
"Project Lead Big Data Analytics,""Jubail"",""2018/05/31"""
"Project Lead Mobility,""Khobar"",""2018/05/31"""
"Senior PHP Full Stack,""Riyadh"",""2018/06/03"""
"Senior Business Analyst |,""Saudi Arabia"",""2018/07/12"""
"Mobile Application Architect,""Saudi Arabia"",""2018/07/12"""
"HRS Specialist | - Female Only,""Saudi Arabia"",""2018/07/13"""
"Associate Consultant - Non Catalogued,""Saudi Arabia"",""2018/07/10"""
"Tech Architecture Senior Manager,""Saudi Arabia"",""2018/07/08"""
"Consulting,Technology,PortfolioandProgramManagement-Manager,""Saudi Arabia"",""2018/06/27"""
"Forensic Computer Analyst job in Saudi Arabia,""Saudi Arabia"",""2018/07/07"""
"Senior Technical Specialist,""Saudi Arabia"",""2018/07/06"""
"Contracts Advisor - Unconventional Resources job in Saudi Arabia,""Saudi Arabia"",""2018/06/23"""
"Senior Strategic Performance Consultant job in Saudi Arabia,""Saudi Arabia"",""2018/06/23"""
"Petroleum Engineering Systems Consultant / Unconventional Resources job in Saudi Arabia,""Saudi Arabia"",""2018/06/23"""
"ManagerDigitalTrust(DataManagement&Privacy)CoreDatamanagement-AssuranceKSA,""Saudi Arabia"",""2018/06/27"""
"SAP GRC Specialist job in Saudi Arabia,""Saudi Arabia"",""2018/06/23"""
"Services Specialist 1 - On Site Services,""Saudi Arabia"",""2018/07/04"""
"Consulting,FinancialServices-SeniorManager,""Saudi Arabia"",""2018/06/27"""
"ManagerDigitalTrust(Resilience)AssuranceKSA,""Saudi Arabia"",""2018/06/27"""
"Organization Performance Advisor job in Saudi Arabia,""Saudi Arabia"",""2018/06/23"""
"Consulting,Portfolio&ProgramManagement-SeniorConsultant,""Saudi Arabia"",""2018/06/27"""
"Standardisation Specialist job in,""Saudi Arabia"",""2018/06/26"""
"SeniorAssociateDigitalTrust(CoreResilience)AssuranceKSA,""Saudi Arabia"",""2018/06/27"""
"SeniorAssociateDigitalTrust(DataManagement&Privacy)Coredatamanagement-AssuranceKSA,""Saudi Arabia"",""2018/06/27"""
"Consulting,FinancialServices-Manager,""Saudi Arabia"",""2018/06/27"""
"Assurance-CoreAssurance-SeniorManager-Dhahran,""Saudi Arabia"",""2018/06/23"""
"Assurance-CoreAssurance-Manager-Dhahran,""Saudi Arabia"",""2018/06/23"""
"Contracts Formation Specialist job in,""Saudi Arabia"",""2018/06/23"""
"Manager,KSA-DigitalTrust(BusinessSystems)-CoreERP-Assurance,""Saudi Arabia"",""2018/06/27"""
"CMAAS-AssetManagement-SeniorManager-Riyadh,""Saudi Arabia"",""2018/06/21"""
"Consulting,Technology,ITSM-Manager,""Saudi Arabia"",""2018/06/27"""
"Senior Planning & Scheduling Specialist job in Mpumalanga,""Saudi Arabia"",""2018/06/23"""
"Regional Capital Procurement Manager job in Johannesburg,""Saudi Arabia"",""2018/06/23"""
"Consulting,CIPSEUM,ProcessImprovement&SupplyChainOptimization-SeniorManger,""Saudi Arabia"",""2018/06/23"""
"Senior Planning & Scheduling Specialist job in North West,""Saudi Arabia"",""2018/06/23"""
"Process Plant Supervisor job in Pretoria,""Saudi Arabia"",""2018/06/23"""
"Senior Telecoms Engineer job in,""Saudi Arabia"",""2018/06/26"""
"Business Systems Analyst – Planisware Specialist job in Saudi Arabia,""Saudi Arabia"",""2018/06/26"""
"Consulting,Technology,EnterpriseArchitect-Manager,""Saudi Arabia"",""2018/06/27"""
"Sr. Advisor - Global Competitive Intelligence job in Saudi Arabia,""Saudi Arabia"",""2018/06/28"""
"Visual Designer,""Saudi Arabia"",""2018/06/26"""
"Data Science Analyst job in Saudi Arabia,""Saudi Arabia"",""2018/06/26"""
"X-Ray Diffraction Research Expert job in Saudi Arabia,""Saudi Arabia"",""2018/06/23"""
"Vetting Officer - Captain job in Saudi Arabia,""Saudi Arabia"",""2018/06/24"""
"Filing Clerk,""Saudi Arabia"",""2018/06/26"""
"Aromatics Complex Process Specialist job in Saudi Arabia,""Saudi Arabia"",""2018/06/23"""
"Naphtha Reforming Process Specialist job in Saudi Arabia,""Saudi Arabia"",""2018/06/23"""
"Coal Consultant job in Mpumalanga,""Saudi Arabia"",""2018/06/23"""
"Natural Scientist job in Cape Town,""Saudi Arabia"",""2018/06/23"""
"Principle Technician/Technologist - Electrical job in Sasolburg,""Saudi Arabia"",""2018/06/23"""
"IT Infrastructure Manager,""Saudi Arabia"",""2018/06/26"""
"IT Systems Technician job in Saudi Arabia,""Saudi Arabia"",""2018/06/26"""
"Senior Application Engineer,""Saudi Arabia"",""2018/06/26"""
"Consulting,Technology,InfrastructureArchitect-Manager,""Saudi Arabia"",""2018/06/27"""
"Assurance-CMAAS-AccountingStructuring-SeniorAssociate-Riyadh,""Saudi Arabia"",""2018/06/21"""
"Engine Combustion Specialist job in Saudi Arabia,""Saudi Arabia"",""2018/06/23"""
"Engine Combustion Specialist job in Saudi Arabia,""Saudi Arabia"","""""
"Section Geologist job in Mpumalanga,""Saudi Arabia"",""2018/06/23"""
"Safety Compliance Coordinator job in Saudi Arabia,""Saudi Arabia"",""2018/06/23"""
"Senior Coal Geologist job in Mpumalanga,""Saudi Arabia"",""2018/06/23"""
"Geomechanics Specialist job in Saudi Arabia,""Saudi Arabia"",""2018/06/23"""
"Commercialization Specialist job in Saudi Arabia,""Saudi Arabia"",""2018/06/23"""
"Metallurgist job in Northern Cape,""Saudi Arabia"",""2018/06/23"""
"Polyethylene Technology Specialist job in Saudi Arabia,""Saudi Arabia"",""2018/06/25"""
"Digital Analytics Analyst,""Saudi Arabia"",""2018/06/26"""
"Senior Business Analyst Outsourced to our Client,""Saudi Arabia"",""2018/06/26"""
"Prospect Geologist job in Saudi Arabia,""Saudi Arabia"",""2018/06/26"""
"IT Systems Analyst (Cyber Security) job in Saudi Arabia,""Saudi Arabia"",""2018/06/26"""
"CMAAS-SeniorManager-Riyadh,""Saudi Arabia"",""2018/06/21"""
"CMAAS-AssetManagement-SeniorAssociate-Riyadh,""Saudi Arabia"",""2018/06/21"""
"Electrician job in North West,""Saudi Arabia"",""2018/06/23"""
"Geoscientist job in South Africa,""Saudi Arabia"",""2018/06/23"""
"Commis II,""Saudi Arabia"",""2018/06/25"""
"C4 Chain Technology Specialist job in Saudi Arabia,""Saudi Arabia"",""2018/06/25"""
"Linux L2 support,""Saudi Arabia"",""2018/06/26"""
"SeniorAssociate,KSA-DigitalTrust(BusinessSystems)-CoreERP-Assurance,""Saudi Arabia"",""2018/06/27"""
"CMAAS-Manager-Riyadh,""Saudi Arabia"",""2018/06/21"""
"CMAAS-SeniorAssociate-Riyadh,""Saudi Arabia"",""2018/06/21"""
"SAM Expert, Public Sector, KSA Job,""Saudi Arabia"",""2018/06/22"""
"Senior Analyst,""Saudi Arabia"",""2018/06/12"""
"S4HANA Functional Architect - KSA Job,""Saudi Arabia"",""2018/06/22"""
"SSEM Expert, SuccessFactors, KSA Job,""Saudi Arabia"",""2018/06/22"""
"CMAAS-SeniorAssociate-Jeddah,""Saudi Arabia"",""2018/06/21"""
"S4HANA Technical Architect - Saudi Job,""Saudi Arabia"",""2018/06/22"""
"Senior Certified SharePoint Developer,""Yanbu"",""2018/07/15"""
"IT Systems Analyst (Cyber Security) job in Saudi Arabia,""Saudi Arabia"",""2018/06/26"""
"Data Privacy and Information Security Analyst,""Saudi Arabia"",""2018/06/27"""
"Security Incident Response Specialist,""Yanbu"",""2018/07/12"""
"Senior ABAP Developer,""Riyadh"",""2018/06/25"""
"Senior Solution Designer,""Riyadh"",""2018/05/31"""
"SOC Level 2,""Saudi Arabia"",""2018/06/26"""
"Senior Application Security Analyst job in Saudi Arabia,""Saudi Arabia"",""2018/06/23"""
"Curriculum Analyst,""Saudi Arabia"",""2018/06/23"""
"- Computer Programmer ( Saudi Only ),""Saudi Arabia"",""2018/07/17"""
"Software Engineer / developer,""Riyadh"",""2018/07/11"""
"Programmer (Job location : Australia and Canada ),""Jeddah"",""2018/06/19"""
"Software Developer,""Riyadh"",""2018/06/27"""
"SERVICE SUPERVISOR I - TT,""Saudi Arabia"",""2018/06/26"""
"SERVICE SUPERVISOR TRAINEE,""Saudi Arabia"",""2018/06/23"""
"Manager,KSA-DigitalTrust(BusinessSystems)-CoreERP-Assurance,""Saudi Arabia"",""2018/06/27"""
"Welding Technologist job in Mpumalanga,""Saudi Arabia"",""2018/06/23"""
"Network Support Specialist,""Khobar"",""2018/07/16"""
"Senior Certified SharePoint Developer,""Yanbu"",""2018/07/15"""
"Network Specialist,""Jubail"",""2018/07/16"""
"User Interface Developer,""Riyadh"",""2018/07/17"""
"Assistant Solution Manager,""Riyadh"",""2018/07/12"""
"Information System Manager, Commodities SBU,""Saudi Arabia"",""2018/06/14"""
"Senior Linux Administrator,""Jubail"",""2018/07/08"""
"System Specialist,""Yanbu"",""2018/06/24"""
"Security Incident Response Specialist,""Yanbu"",""2018/07/12"""
"Information Secuirty Manager,""Saudi Arabia"",""2018/07/08"""
"Head of IT,""Saudi Arabia"",""2018/07/04"""
"BI Data Analyst (Power BI, Saudi Nationals),""Riyadh"",""2018/07/11"""
"IT Support Engineer,""Jeddah"",""2018/07/12"""
"Technical Architect,""Riyadh"",""2018/07/08"""
"Senior SSM Consultant,""Saudi Arabia"",""2018/07/05"""
"Head of IT Customer care Unit,""Riyadh"",""2018/05/21"""
"Senior Windows Systems Administrator,""Jeddah"",""2018/05/31"""
"IT Projects Lead (ECM Platform),""Riyadh"",""2018/07/04"""
"IT Supervisor,""Yanbu"",""2018/07/03"""
"IT Supervisor - Al Ahsa Female Campus,""Alahsa"",""2018/06/29"""
"Typhoon Avionic Technician Supervisor,""Saudi Arabia"",""2018/07/14"""
"Senior ABAP Developer,""Riyadh"",""2018/06/25"""
"Senior Network Engineer,""Riyadh"",""2018/06/24"""
"IT Advisor - Banking / Investment Systems - SAUDI NATIONAL ROLE,""Riyadh"",""2018/07/01"""
"Application Project Manager /IT Network Project Manager,""Jeddah"",""2018/06/11"""
"IT Quality Assurance Leader,""Riyadh"",""2018/06/28"""
"Developer / Programmer,""Dammam"",""2018/07/01"""
"Senior Solution Designer,""Riyadh"",""2018/05/31"""
"Mobile Developer,""Jubail"",""2018/06/27"""
"IT HELPDESK SUPPORT,""Khobar"",""2018/06/25"""
"Senior Java Developer,""Riyadh"",""2018/06/28"""
"Head of IT Planing and Improvement Unit,""Riyadh"",""2018/05/21"""
"IT Business Analyst,""Riyadh"",""2018/05/30"""
"Programmer Analyst (Job location : Canada ),""Jeddah"",""2018/05/28"""
"Access Management - Analyst - APPLICANTS MUST BE SAUDI NATIONAL,""Riyadh"",""2018/05/17"""
"IT Manager,""Eastern Province"",""2018/06/06"""
"Specialist, ERP Business Operations Applications,""Eastern Province"",""2018/05/29"""
"Information Security Specialist,""Riyadh"",""2018/06/07"""
"Software Engineer, Mobile Applications (Android/iOS),""Riyadh"",""2018/05/26"""
"Specialist, ERP Back Office Applications,""Eastern Province"",""2018/05/29"""
"Analytics & Reporting Specialist,""Eastern Province"",""2018/05/29"""
"Administrator IT Infra Service Desk,""Jubail"",""2018/05/31"""
"storage and backup administrator,""Hafr Albaten"",""2018/06/21"""
"Smartphone Maintenance Manager,""Riyadh"",""2018/06/11"""
"Technology and Cyber Security Manager,""Riyadh"",""2018/05/21"""
"Web Developer,""Riyadh"",""2018/05/24"""
"C++ Developer,""Saudi Arabia"",""2018/05/31"""
"Android Mobile Developer,""Jeddah"",""2018/06/14"""
"IT Project Delivery & Quality Section Manager |,""Saudi Arabia"",""2018/07/13"""
"Treasury specialist,""Saudi Arabia"",""2018/07/12"""
"Research Scientist – Geographical Information Systems - Center for Environment and Water, Research Institute,""Saudi Arabia"",""2018/07/11"""
"Mobile Application Architect,""Saudi Arabia"",""2018/07/12"""
"Senior Accountant,""Saudi Arabia"",""2018/07/13"""
"HRS Specialist | - Female Only,""Saudi Arabia"",""2018/07/13"""
"SAP GRC Specialist job in Saudi Arabia,""Saudi Arabia"",""2018/06/23"""
"Forensic Computer Analyst job in Saudi Arabia,""Saudi Arabia"",""2018/07/07"""
"Tech Architecture Senior Manager,""Saudi Arabia"",""2018/07/08"""
"Senior Strategic Performance Consultant job in Saudi Arabia,""Saudi Arabia"",""2018/06/23"""
"Petroleum Engineering Systems Consultant / Unconventional Resources job in Saudi Arabia,""Saudi Arabia"",""2018/06/23"""
"Contracts Advisor - Unconventional Resources job in Saudi Arabia,""Saudi Arabia"",""2018/06/23"""
"Services Specialist 1 - On Site Services,""Saudi Arabia"",""2018/07/04"""
"Senior Telecoms Engineer job in,""Saudi Arabia"",""2018/06/26"""
"Business Systems Analyst – Planisware Specialist job in Saudi Arabia,""Saudi Arabia"",""2018/06/26"""
"Administrator Telecom Networking,""Saudi Arabia"",""2018/07/07"""
"Consulting,FinancialServices-SeniorManager,""Saudi Arabia"",""2018/06/27"""
"H2S Specialist- Saudi Nationality Only,""Saudi Arabia"",""2018/06/26"""
"Manager,KSA-DigitalTrust(BusinessSystems)-CoreERP-Assurance,""Saudi Arabia"",""2018/06/27"""
"Aircraft Electrical Repairer UH-,""Saudi Arabia"",""2018/06/29"""
"H2S Specialist -Local Transfer KSA,""Saudi Arabia"",""2018/06/24"""
"H2S specialist,""Saudi Arabia"",""2018/06/26"""
"Consulting,FinancialServices-Manager,""Saudi Arabia"",""2018/06/27"""
"Sr. System Administrator,""Saudi Arabia"",""2018/06/21"""
"Business System Analyst job in Saudi Arabia,""Saudi Arabia"",""2018/06/23"""
"Consulting,Technology,ITSM-Manager,""Saudi Arabia"",""2018/06/27"""
"PM Coordinator,""Saudi Arabia"",""2018/06/23"""
"Commodity Specialist job in North West,""Saudi Arabia"",""2018/06/23"""
"IT Infrastructure Manager,""Saudi Arabia"",""2018/06/26"""
"- IT Support,""Saudi Arabia"",""2018/06/26"""
"Director of Front Office - Embassy Suites Birmingham,""Saudi Arabia"",""2018/06/27"""
"Sr. Advisor - Global Competitive Intelligence job in Saudi Arabia,""Saudi Arabia"",""2018/06/28"""
"Financial and Refining Planning & Performance Management job in Saudi Arabia,""Saudi Arabia"",""2018/06/23"""
"Commodity Manager job in North West,""Saudi Arabia"",""2018/06/23"""
"Petroleum Resource Analyst job in Saudi Arabia,""Saudi Arabia"",""2018/06/23"""
"Consulting,Technology,Cybersecurity-SeniorManager,""Saudi Arabia"",""2018/06/23"""
"IT Division Director or Senior Manager – Infrastructure Services,""Saudi Arabia"",""2018/06/26"""
"IT Systems Technician job in Saudi Arabia,""Saudi Arabia"",""2018/06/26"""
"Data Science Analyst job in Saudi Arabia,""Saudi Arabia"",""2018/06/26"""
"Chef De Cuisine,""Saudi Arabia"",""2018/06/26"""
"Desktop Support - Saudi Nationals Only,""Saudi Arabia"",""2018/06/26"""
"Consulting,Technology,EnterpriseArchitect-Manager,""Saudi Arabia"",""2018/06/27"""
"Engine Combustion Specialist job in Saudi Arabia,""Saudi Arabia"",""2018/06/23"""
"Commodity Specialist job in Gauteng,""Saudi Arabia"",""2018/06/23"""
"SERVICE SUPERVISOR TRAINEE,""Saudi Arabia"",""2018/06/23"""
"Linux L2 support,""Saudi Arabia"",""2018/06/26"""
"Senior Application Engineer,""Saudi Arabia"",""2018/06/26"""
"IT Systems Analyst (Cyber Security) job in Saudi Arabia,""Saudi Arabia"",""2018/06/26"""
"Chef de Cuisine (Turkish National),""Saudi Arabia"",""2018/06/26"""
"Arabic Chef (with Transferable Visa),""Saudi Arabia"",""2018/06/26"""
"Chef de Cuisine (All Day Dining - American Diner Concept),""Saudi Arabia"",""2018/06/26"""
"Safety / Field Compliance Coordinator job in Saudi Arabia,""Saudi Arabia"",""2018/06/26"""
"Field Service Technician job in Abahsain,""Saudi Arabia"",""2018/06/23"""
"Safety Compliance Coordinator job in Saudi Arabia,""Saudi Arabia"",""2018/06/23"""
"Commercialization Specialist job in Saudi Arabia,""Saudi Arabia"",""2018/06/23"""
"Geology Software Specialist job in Gauteng,""Saudi Arabia"",""2018/06/23"""
"Inspector - Vibration,""Saudi Arabia"",""2018/06/23"""
"Commis II,""Saudi Arabia"",""2018/06/25"""
"IT & Network Manager,""Saudi Arabia"",""2018/06/26"""
"Prospect Geologist job in Saudi Arabia,""Saudi Arabia"",""2018/06/26"""
"Field Safety Compliance Coordinator job in Saudi Arabia,""Saudi Arabia"",""2018/06/26"""
"SeniorAssociate,KSA-DigitalTrust(BusinessSystems)-CoreERP-Assurance,""Saudi Arabia"",""2018/06/27"""
"DCG Channel Sales Manager-KSA,""Saudi Arabia"",""2018/06/21"""
"Presales Expert - Public Sector Job,""Saudi Arabia"",""2018/06/22"""
"Aromatics Complex Process Specialist job in Saudi Arabia,""Saudi Arabia"",""2018/06/23"""
"Naphtha Reforming Process Specialist job in Saudi Arabia,""Saudi Arabia"",""2018/06/23"""
"Cashier,""Saudi Arabia"",""2018/06/23"""
"Geoscientist job in South Africa,""Saudi Arabia"",""2018/06/23"""
"Graduate assistant in Accounting or MIS. (Saudi nationals only),""Saudi Arabia"",""2018/06/26"""
"Lecturer in Accounting or MIS. (Saudi nationals only),""Saudi Arabia"",""2018/06/26"""
"Supervisor, Purchasing job in Al-Khobar,""Saudi Arabia"",""2018/06/26"""
"Butcher,""Saudi Arabia"",""2018/06/26"""
"Workshop Technician,""Saudi Arabia"",""2018/06/26"""
"Sr. AR Accountant,""Saudi Arabia"",""2018/06/21"""
"SAM Expert, Public Sector, KSA Job,""Saudi Arabia"",""2018/06/22"""
"S4HANA Technical Architect - Saudi Job,""Saudi Arabia"",""2018/06/22"""
Senior Certified SharePoint Developer,Yanbu,15/07/2018
Senior Database Administrator Outsourced to our Client,Saudi Arabia,26/06/2018
Senior Linux Administrator,Jubail,08/07/2018
Senior Network Engineer,Riyadh,24/06/2018
Developer / Programmer,Dammam,01/07/2018
Dynamics Ax Developer,Dammam,28/05/2018
Access Management - Analyst - APPLICANTS MUST BE SAUDI NATIONAL,Riyadh,17/05/2018
Standardisation Specialist job in,Saudi Arabia,26/06/2018
Consultant Architect-Virtualization,Saudi Arabia,26/06/2018
Lecturer in Skills Development. (Saudi nationals only),Saudi Arabia,26/06/2018
Senior Certified SharePoint Developer,Yanbu,15/07/2018
Web Developer,Riyadh,25/06/2018
Web Developer,Riyadh,24/05/2018
Full Stack Web Developer (Saudi Nationality only),Riyadh,07/06/2018
Web Applications Developer,Eastern Province,30/05/2018
.Net Web Application Developer,Khobar,07/06/2018
Senior Certified SharePoint Developer,Yanbu,15/07/2018
User Interface Developer,Riyadh,17/07/2018
.Net software developer,Saudi Arabia,16/07/2018
COBOL Programmer,Jeddah,16/07/2018
PHP Web Developer,Saudi Arabia,26/06/2018
PHP Developer,Riyadh,02/07/2018
Full Stack Developer,Khobar,11/07/2018
Mobile Developer,Jubail,27/06/2018
Software Engineer,Riyadh,11/07/2018
Senior Developer,Riyadh,24/12/2017
Senior SharePoint Developer,Riyadh,07/06/2018
.Net software developer,Saudi Arabia,11/06/2018
Developer,Riyadh,29/05/2018
Senior Java Developer,Riyadh,28/06/2018
Senior Solution Designer,Riyadh,31/05/2018
Senior ABAP Developer,Riyadh,25/06/2018
Graphic Designer,Riyadh,23/05/2018
Programmer (Job location : Australia and Canada ),Jeddah,19/06/2018
Dynamics Ax Developer,Dammam,28/05/2018
Administrator- IMS - Network Voice,Jeddah,31/05/2018
Administrator IT Infra Service Desk,Jubail,31/05/2018
.Net Developer,Riyadh,19/06/2018
Software Engineer, Mobile Applications (Android/iOS),Riyadh,26/05/2018
Senior Java Developer,Riyadh,31/05/2018
Programmer Analyst (Job location : Canada ),Jeddah,28/05/2018
Azure Solution Architect,Dammam,20/05/2018
Product owner,Riyadh,23/05/2018
Analytics & Reporting Specialist,Eastern Province,29/05/2018
Software Quality Assurance (SQA) Engineer,Saudi Arabia,31/05/2018
Senior BizTalk Developer,Riyadh,02/06/2018
.Net Developer required urgently,Eastern Province,07/06/2018
IT Professionals (For Australia),Riyadh,13/06/2018
Android Mobile Developer,Jeddah,14/06/2018
Software Developer,Riyadh,27/06/2018
Senior Software Engineer job in Saudi Arabia,Saudi Arabia,28/06/2018
SOA Architect,Saudi Arabia,26/06/2018
Senior Application Security Analyst job in Saudi Arabia,Saudi Arabia,23/06/2018
Senior Certified SharePoint Developer,Yanbu,15/07/2018
Senior Linux Administrator,Jubail,08/07/2018
Head of IT,Saudi Arabia,04/07/2018
Security Incident Response Specialist,Yanbu,12/07/2018
IT Support Engineer,Jeddah,12/07/2018
IT Supervisor - Al Ahsa Female Campus,Alahsa,29/06/2018
Senior Network Engineer,Riyadh,24/06/2018
System Specialist,Yanbu,24/06/2018
IT HELPDESK SUPPORT,Khobar,25/06/2018
Information Security Specialist,Riyadh,07/06/2018
Programmer Analyst (Job location : Canada ),Jeddah,28/05/2018
Head of IT Customer care Unit,Riyadh,21/05/2018
Senior Windows Systems Administrator,Jeddah,31/05/2018
Technology and Cyber Security Manager,Riyadh,21/05/2018
Research Scientist – Geographical Information Systems - Center for Environment and Water, Research Institute,Saudi Arabia,11/07/2018
Senior Accountant,Saudi Arabia,13/07/2018
Forensic Computer Analyst job in Saudi Arabia,Saudi Arabia,07/07/2018
SAP GRC Specialist job in Saudi Arabia,Saudi Arabia,23/06/2018
Petroleum Engineering Systems Consultant / Unconventional Resources job in Saudi Arabia,Saudi Arabia,23/06/2018
Security Engineer,Hafr Albaten,21/06/2018
Engine Combustion Specialist job in Saudi Arabia,Saudi Arabia,23/06/2018
Desktop Support - Saudi Nationals Only,Saudi Arabia,26/06/2018
Senior Telecoms Engineer job in,Saudi Arabia,26/06/2018
Carpenter cum Painter,Saudi Arabia,24/06/2018
IT & Network Manager,Saudi Arabia,26/06/2018
Consulting,Technology,InfrastructureArchitect-Manager,Saudi Arabia,27/06/2018
Sr. System Administrator,Saudi Arabia,21/06/2018
Systems Analyst,Riyadh,23/10/2017
Senior Certified SharePoint Developer,Yanbu,15/07/2018
COBOL Programmer,Jeddah,16/07/2018
User Interface Developer,Riyadh,17/07/2018
Business Systems Analyst – Planisware Specialist job in Saudi Arabia,Saudi Arabia,26/06/2018
IT Systems Analyst (Cyber Security) job in Saudi Arabia,Saudi Arabia,26/06/2018
Business System Analyst job in Saudi Arabia,Saudi Arabia,23/06/2018
Exploration System Analyst job in Saudi Arabia,Saudi Arabia,26/06/2018
BI Data Analyst (Power BI, Saudi Nationals),Riyadh,11/07/2018
Senior ABAP Developer,Riyadh,25/06/2018
Senior Solution Designer,Riyadh,31/05/2018
IT Manager,Eastern Province,06/06/2018
Analytics & Reporting Specialist,Eastern Province,29/05/2018
Forensic Computer Analyst job in Saudi Arabia,Saudi Arabia,07/07/2018
Petroleum Resource Analyst job in Saudi Arabia,Saudi Arabia,23/06/2018
Data Science Analyst job in Saudi Arabia,Saudi Arabia,26/06/2018
Sr. Advisor - Global Competitive Intelligence job in Saudi Arabia,Saudi Arabia,28/06/2018
Financial and Refining Planning & Performance Management job in Saudi Arabia,Saudi Arabia,23/06/2018
IT Solutions Architect,Riyadh,03/07/2018
Senior Certified SharePoint Developer,Yanbu,15/07/2018
Technical Architect,Riyadh,08/07/2018
IT Applications Support Specialist,Riyadh,04/07/2018
Programmer Analyst (Job location : Canada ),Jeddah,28/05/2018
Senior Business Analyst,Riyadh,24/12/2017
Tech Architecture Senior Manager,Saudi Arabia,08/07/2018
Consulting,Technology,EnterpriseArchitect-Manager,Saudi Arabia,27/06/2018
SOLUTIONS INTEGRATION ARCHITECT,Saudi Arabia,26/06/2018
Consultant Architect-Virtualization,Saudi Arabia,26/06/2018
Data Science Analyst job in Saudi Arabia,Saudi Arabia,26/06/2018
Presales Expert - Public Sector Job,Saudi Arabia,22/06/2018
S4HANA Technical Architect - Saudi Job,Saudi Arabia,22/06/2018
Administrator- IMS - Network Voice,Jeddah,31/05/2018
Network Administrator,Saudi Arabia,14/06/2018
Administrator Telecom Networking,Saudi Arabia,07/07/2018
Senior Linux Administrator,Jubail,08/07/2018
IT Support Engineer,Jeddah,12/07/2018
IT Supervisor,Yanbu,03/07/2018
Senior Network Engineer,Riyadh,24/06/2018
IT Supervisor - Al Ahsa Female Campus,Alahsa,29/06/2018
System Specialist,Yanbu,24/06/2018
Head of IT Customer care Unit,Riyadh,21/05/2018
Security Engineer,Hafr Albaten,21/06/2018
Linux L2 support,Saudi Arabia,26/06/2018
Security consulting and Implementation,Saudi Arabia,26/06/2018
Desktop Support - Saudi Nationals Only,Saudi Arabia,26/06/2018
Consultant Architect-Virtualization,Saudi Arabia,26/06/2018
IT Systems Technician job in Saudi Arabia,Saudi Arabia,26/06/2018
#NAME?,Saudi Arabia,26/06/2018
Senior Strategic Performance Consultant job in Saudi Arabia,Saudi Arabia,23/06/2018
" Systems Analyst,""Riyadh"",""2017/10/23"""
"Senior Certified SharePoint Developer,""Yanbu"",""2018/07/15"""
"COBOL Programmer,""Jeddah"",""2018/07/16"""
"User Interface Developer,""Riyadh"",""2018/07/17"""
"Business Systems Analyst – Planisware Specialist job in Saudi Arabia,""Saudi Arabia"",""2018/06/26"""
"IT Systems Analyst (Cyber Security) job in Saudi Arabia,""Saudi Arabia"",""2018/06/26"""
"Business System Analyst job in Saudi Arabia,""Saudi Arabia"",""2018/06/23"""
"Exploration System Analyst job in Saudi Arabia,""Saudi Arabia"",""2018/06/26"""
"BI Data Analyst (Power BI, Saudi Nationals),""Riyadh"",""2018/07/11"""
"Senior ABAP Developer,""Riyadh"",""2018/06/25"""
"Senior Solution Designer,""Riyadh"",""2018/05/31"""
"IT Manager,""Eastern Province"",""2018/06/06"""
"Analytics & Reporting Specialist,""Eastern Province"",""2018/05/29"""
"Forensic Computer Analyst job in Saudi Arabia,""Saudi Arabia"",""2018/07/07"""
"Petroleum Resource Analyst job in Saudi Arabia,""Saudi Arabia"",""2018/06/23"""
"Data Science Analyst job in Saudi Arabia,""Saudi Arabia"",""2018/06/26"""
"Sr. Advisor - Global Competitive Intelligence job in Saudi Arabia,""Saudi Arabia"",""2018/06/28"""
"Financial and Refining Planning & Performance Management job in Saudi Arabia,""Saudi Arabia"",""2018/06/23"""
